Process_ID,ID,Timestamp,Voltage,Current,Power,Energy,Frequency,PF
Station03,1,2024-08-21 00:00:00,233.61,0.05,0.18,0.002,50.27,0.03
Station03,2,2024-08-21 00:01:00,233.01,0.04,0.08,0.002,50.09,0.07
Station03,3,2024-08-21 00:02:00,235.59,0.05,0.38,0.002,50.45,0.02
Station03,4,2024-08-21 00:03:00,231.99,0.02,0.18,0.002,50.13,0.06
Station03,5,2024-08-21 00:04:00,220.19,0.05,0.17,0.002,49.51,0.07
Station03,6,2024-08-21 00:05:00,233.98,0.03,0.13,0.002,49.7,0.02
Station03,7,2024-08-21 00:06:00,228.07,0.04,0.39,0.003,50.0,0.04
Station03,8,2024-08-21 00:07:00,238.85,0.02,0.19,0.003,50.33,0.06
Station03,9,2024-08-21 00:08:00,229.17,0.03,0.21,0.002,49.99,0.09
Station03,10,2024-08-21 00:09:00,226.95,0.02,0.19,0.002,50.24,0.05
Station03,11,2024-08-21 00:10:00,223.46,0.04,0.36,0.001,50.18,0.01
Station03,12,2024-08-21 00:11:00,230.43,0.04,0.21,0.002,50.35,0.02
Station03,13,2024-08-21 00:12:00,238.05,0.03,0.48,0.002,50.08,0.04
Station03,14,2024-08-21 00:13:00,223.98,0.04,0.02,0.001,50.43,0.03
Station03,15,2024-08-21 00:14:00,233.28,0.03,0.11,0.001,49.79,0.07
Station03,16,2024-08-21 00:15:00,229.49,0.03,0.22,0.002,49.9,0.03
Station03,17,2024-08-21 00:16:00,220.36,0.05,0.5,0.003,50.03,0.08
Station03,18,2024-08-21 00:17:00,232.08,0.04,0.36,0.003,50.05,0.08
Station03,19,2024-08-21 00:18:00,233.95,0.04,0.33,0.003,49.6,0.06
Station03,20,2024-08-21 00:19:00,227.15,0.02,0.05,0.002,49.96,0.01
Station03,21,2024-08-21 00:20:00,235.81,0.04,0.36,0.001,50.28,0.07
Station03,22,2024-08-21 00:21:00,230.37,0.04,0.1,0.003,49.74,0.03
Station03,23,2024-08-21 00:22:00,228.7,0.03,0.25,0.002,49.9,0.09
Station03,24,2024-08-21 00:23:00,220.92,0.05,0.41,0.002,49.81,0.04
Station03,25,2024-08-21 00:24:00,232.57,0.04,0.45,0.002,50.37,0.09
Station03,26,2024-08-21 00:25:00,238.03,0.02,0.25,0.002,50.01,0.1
Station03,27,2024-08-21 00:26:00,238.53,0.03,0.12,0.002,49.9,0.08
Station03,28,2024-08-21 00:27:00,222.22,0.05,0.08,0.003,50.22,0.05
Station03,29,2024-08-21 00:28:00,230.47,0.03,0.27,0.002,49.62,0.07
Station03,30,2024-08-21 00:29:00,239.83,0.04,0.48,0.002,49.55,0.01
Station03,31,2024-08-21 00:30:00,222.16,0.04,0.11,0.002,49.64,0.02
Station03,32,2024-08-21 00:31:00,231.94,0.04,0.08,0.001,50.29,0.08
Station03,33,2024-08-21 00:32:00,221.7,0.03,0.3,0.003,49.83,0.09
Station03,34,2024-08-21 00:33:00,231.72,0.02,0.02,0.002,49.52,0.05
Station03,35,2024-08-21 00:34:00,235.44,0.03,0.41,0.003,49.83,0.02
Station03,36,2024-08-21 00:35:00,228.54,0.02,0.1,0.002,50.24,0.03
Station03,37,2024-08-21 00:36:00,227.68,0.05,0.4,0.002,50.4,0.09
Station03,38,2024-08-21 00:37:00,225.72,0.03,0.48,0.003,49.94,0.01
Station03,39,2024-08-21 00:38:00,223.92,0.02,0.1,0.001,50.47,0.03
Station03,40,2024-08-21 00:39:00,220.89,0.04,0.21,0.001,50.5,0.04
Station03,41,2024-08-21 00:40:00,233.53,0.03,0.13,0.003,49.75,0.03
Station03,42,2024-08-21 00:41:00,220.55,0.02,0.18,0.003,49.59,0.03
Station03,43,2024-08-21 00:42:00,222.39,0.03,0.43,0.002,50.0,0.03
Station03,44,2024-08-21 00:43:00,237.05,0.03,0.1,0.002,50.44,0.04
Station03,45,2024-08-21 00:44:00,233.21,0.04,0.26,0.001,50.47,0.08
Station03,46,2024-08-21 00:45:00,228.2,0.03,0.25,0.002,50.27,0.08
Station03,47,2024-08-21 00:46:00,231.48,0.02,0.14,0.001,50.32,0.06
Station03,48,2024-08-21 00:47:00,237.15,0.02,0.46,0.003,50.36,0.08
Station03,49,2024-08-21 00:48:00,234.77,0.04,0.5,0.001,49.68,0.07
Station03,50,2024-08-21 00:49:00,228.85,0.04,0.21,0.002,50.08,0.08
Station03,51,2024-08-21 00:50:00,234.6,0.03,0.37,0.002,50.15,0.02
Station03,52,2024-08-21 00:51:00,225.03,0.04,0.49,0.002,50.42,0.04
Station03,53,2024-08-21 00:52:00,227.93,0.05,0.19,0.003,50.15,0.07
Station03,54,2024-08-21 00:53:00,224.75,0.04,0.37,0.002,49.74,0.07
Station03,55,2024-08-21 00:54:00,232.64,0.02,0.06,0.003,50.04,0.09
Station03,56,2024-08-21 00:55:00,220.3,0.05,0.07,0.001,49.91,0.09
Station03,57,2024-08-21 00:56:00,233.88,0.02,0.01,0.001,50.14,0.01
Station03,58,2024-08-21 00:57:00,238.1,0.04,0.1,0.003,49.9,0.05
Station03,59,2024-08-21 00:58:00,235.6,0.04,0.09,0.001,50.2,0.08
Station03,60,2024-08-21 00:59:00,231.9,0.03,0.05,0.001,50.3,0.06
Station03,61,2024-08-21 01:00:00,230.98,0.03,0.2,0.002,49.72,0.0
Station03,62,2024-08-21 01:01:00,233.19,0.03,0.37,0.003,49.51,0.08
Station03,63,2024-08-21 01:02:00,236.53,0.03,0.3,0.003,50.05,0.04
Station03,64,2024-08-21 01:03:00,234.09,0.03,0.11,0.002,50.39,0.09
Station03,65,2024-08-21 01:04:00,220.27,0.03,0.2,0.002,49.61,0.02
Station03,66,2024-08-21 01:05:00,236.43,0.02,0.15,0.002,49.8,0.07
Station03,67,2024-08-21 01:06:00,223.82,0.04,0.3,0.003,49.57,0.06
Station03,68,2024-08-21 01:07:00,221.95,0.02,0.13,0.003,49.7,0.02
Station03,69,2024-08-21 01:08:00,234.9,0.04,0.34,0.003,49.58,0.08
Station03,70,2024-08-21 01:09:00,230.83,0.05,0.2,0.001,50.44,0.1
Station03,71,2024-08-21 01:10:00,238.71,0.04,0.27,0.003,49.53,0.02
Station03,72,2024-08-21 01:11:00,232.35,0.04,0.28,0.002,49.82,0.08
Station03,73,2024-08-21 01:12:00,227.13,0.04,0.24,0.003,50.42,0.01
Station03,74,2024-08-21 01:13:00,224.69,0.02,0.19,0.003,50.22,0.07
Station03,75,2024-08-21 01:14:00,224.78,0.03,0.43,0.002,50.18,0.07
Station03,76,2024-08-21 01:15:00,238.75,0.03,0.08,0.003,50.02,0.05
Station03,77,2024-08-21 01:16:00,224.06,0.03,0.24,0.002,49.55,0.01
Station03,78,2024-08-21 01:17:00,234.32,0.04,0.35,0.001,49.78,0.03
Station03,79,2024-08-21 01:18:00,231.74,0.03,0.21,0.001,50.26,0.04
Station03,80,2024-08-21 01:19:00,224.89,0.02,0.1,0.002,49.91,0.09
Station03,81,2024-08-21 01:20:00,235.33,0.04,0.07,0.001,50.36,0.01
Station03,82,2024-08-21 01:21:00,238.45,0.04,0.45,0.002,50.07,0.02
Station03,83,2024-08-21 01:22:00,225.21,0.04,0.19,0.002,49.61,0.01
Station03,84,2024-08-21 01:23:00,225.91,0.02,0.31,0.002,50.48,0.09
Station03,85,2024-08-21 01:24:00,230.56,0.02,0.25,0.003,49.51,0.01
Station03,86,2024-08-21 01:25:00,222.54,0.04,0.06,0.002,50.36,0.05
Station03,87,2024-08-21 01:26:00,221.9,0.03,0.3,0.002,49.55,0.04
Station03,88,2024-08-21 01:27:00,227.09,0.03,0.05,0.003,50.02,0.06
Station03,89,2024-08-21 01:28:00,233.47,0.04,0.34,0.002,49.65,0.04
Station03,90,2024-08-21 01:29:00,234.23,0.04,0.13,0.002,50.49,0.08
Station03,91,2024-08-21 01:30:00,228.21,0.05,0.24,0.002,50.46,0.05
Station03,92,2024-08-21 01:31:00,235.16,0.05,0.08,0.002,50.36,0.04
Station03,93,2024-08-21 01:32:00,233.68,0.04,0.23,0.002,50.46,0.09
Station03,94,2024-08-21 01:33:00,228.44,0.04,0.08,0.001,50.0,0.03
Station03,95,2024-08-21 01:34:00,220.41,0.05,0.43,0.001,49.86,0.02
Station03,96,2024-08-21 01:35:00,235.92,0.05,0.49,0.002,50.07,0.05
Station03,97,2024-08-21 01:36:00,224.63,0.04,0.15,0.003,50.05,0.06
Station03,98,2024-08-21 01:37:00,221.03,0.04,0.23,0.003,50.46,0.09
Station03,99,2024-08-21 01:38:00,236.75,0.03,0.36,0.002,49.86,0.07
Station03,100,2024-08-21 01:39:00,228.3,0.04,0.19,0.001,50.25,0.04
Station03,101,2024-08-21 01:40:00,222.3,0.02,0.19,0.001,49.76,0.09
Station03,102,2024-08-21 01:41:00,225.86,0.03,0.28,0.001,50.02,0.01
Station03,103,2024-08-21 01:42:00,239.81,0.02,0.15,0.002,49.96,0.05
Station03,104,2024-08-21 01:43:00,223.32,0.03,0.16,0.002,49.79,0.02
Station03,105,2024-08-21 01:44:00,225.85,0.04,0.31,0.002,49.84,0.01
Station03,106,2024-08-21 01:45:00,231.72,0.03,0.3,0.001,49.51,0.07
Station03,107,2024-08-21 01:46:00,238.94,0.03,0.47,0.003,50.06,0.07
Station03,108,2024-08-21 01:47:00,224.51,0.04,0.39,0.003,50.05,0.07
Station03,109,2024-08-21 01:48:00,231.36,0.03,0.47,0.002,50.5,0.03
Station03,110,2024-08-21 01:49:00,221.25,0.05,0.31,0.002,49.68,0.05
Station03,111,2024-08-21 01:50:00,233.11,0.04,0.2,0.003,50.26,0.1
Station03,112,2024-08-21 01:51:00,232.71,0.03,0.3,0.003,50.22,0.09
Station03,113,2024-08-21 01:52:00,230.96,0.04,0.29,0.002,49.56,0.03
Station03,114,2024-08-21 01:53:00,238.38,0.02,0.23,0.002,50.48,0.04
Station03,115,2024-08-21 01:54:00,236.91,0.04,0.24,0.003,49.71,0.03
Station03,116,2024-08-21 01:55:00,236.8,0.02,0.1,0.002,49.71,0.04
Station03,117,2024-08-21 01:56:00,224.39,0.04,0.15,0.001,50.24,0.1
Station03,118,2024-08-21 01:57:00,232.07,0.02,0.45,0.001,49.54,0.06
Station03,119,2024-08-21 01:58:00,229.1,0.03,0.16,0.003,49.71,0.01
Station03,120,2024-08-21 01:59:00,221.29,0.02,0.33,0.001,49.97,0.01
Station03,121,2024-08-21 02:00:00,234.69,0.04,0.39,0.002,50.14,0.08
Station03,122,2024-08-21 02:01:00,229.27,0.04,0.18,0.003,49.59,0.1
Station03,123,2024-08-21 02:02:00,233.14,0.03,0.01,0.002,50.26,0.08
Station03,124,2024-08-21 02:03:00,223.32,0.03,0.27,0.001,50.21,0.05
Station03,125,2024-08-21 02:04:00,236.41,0.03,0.29,0.001,49.84,0.0
Station03,126,2024-08-21 02:05:00,224.09,0.05,0.34,0.001,50.23,0.01
Station03,127,2024-08-21 02:06:00,235.19,0.04,0.12,0.002,49.56,0.04
Station03,128,2024-08-21 02:07:00,231.66,0.03,0.19,0.002,49.81,0.02
Station03,129,2024-08-21 02:08:00,237.57,0.04,0.18,0.001,50.42,0.08
Station03,130,2024-08-21 02:09:00,224.44,0.03,0.12,0.001,49.53,0.03
Station03,131,2024-08-21 02:10:00,224.14,0.05,0.33,0.002,50.32,0.04
Station03,132,2024-08-21 02:11:00,231.72,0.03,0.34,0.001,50.34,0.09
Station03,133,2024-08-21 02:12:00,233.42,0.04,0.4,0.002,49.84,0.09
Station03,134,2024-08-21 02:13:00,227.15,0.04,0.2,0.003,49.51,0.05
Station03,135,2024-08-21 02:14:00,236.05,0.04,0.06,0.002,50.19,0.06
Station03,136,2024-08-21 02:15:00,224.5,0.03,0.41,0.002,50.11,0.06
Station03,137,2024-08-21 02:16:00,231.96,0.04,0.35,0.002,49.65,0.05
Station03,138,2024-08-21 02:17:00,227.75,0.04,0.34,0.001,49.83,0.01
Station03,139,2024-08-21 02:18:00,229.76,0.05,0.49,0.003,49.75,0.09
Station03,140,2024-08-21 02:19:00,222.6,0.03,0.17,0.001,50.12,0.08
Station03,141,2024-08-21 02:20:00,237.94,0.03,0.42,0.002,49.96,0.09
Station03,142,2024-08-21 02:21:00,234.21,0.04,0.11,0.002,50.0,0.08
Station03,143,2024-08-21 02:22:00,224.01,0.04,0.07,0.001,50.3,0.01
Station03,144,2024-08-21 02:23:00,221.78,0.03,0.06,0.002,49.86,0.02
Station03,145,2024-08-21 02:24:00,231.42,0.03,0.32,0.002,50.05,0.07
Station03,146,2024-08-21 02:25:00,220.97,0.03,0.08,0.002,50.33,0.08
Station03,147,2024-08-21 02:26:00,228.61,0.02,0.09,0.002,50.39,0.04
Station03,148,2024-08-21 02:27:00,236.36,0.04,0.02,0.003,50.33,0.05
Station03,149,2024-08-21 02:28:00,237.85,0.04,0.31,0.002,50.26,0.06
Station03,150,2024-08-21 02:29:00,240.0,0.04,0.27,0.002,49.59,0.04
Station03,151,2024-08-21 02:30:00,239.32,0.04,0.08,0.002,49.65,0.02
Station03,152,2024-08-21 02:31:00,231.13,0.03,0.1,0.003,50.1,0.04
Station03,153,2024-08-21 02:32:00,226.85,0.04,0.04,0.002,50.29,0.01
Station03,154,2024-08-21 02:33:00,235.72,0.05,0.49,0.003,50.02,0.03
Station03,155,2024-08-21 02:34:00,235.18,0.05,0.26,0.003,50.07,0.01
Station03,156,2024-08-21 02:35:00,225.09,0.05,0.4,0.002,50.42,0.09
Station03,157,2024-08-21 02:36:00,231.78,0.03,0.37,0.002,50.03,0.05
Station03,158,2024-08-21 02:37:00,229.29,0.05,0.39,0.003,49.99,0.09
Station03,159,2024-08-21 02:38:00,234.49,0.02,0.44,0.001,49.83,0.06
Station03,160,2024-08-21 02:39:00,239.72,0.03,0.3,0.003,49.91,0.07
Station03,161,2024-08-21 02:40:00,226.22,0.05,0.11,0.002,49.93,0.02
Station03,162,2024-08-21 02:41:00,232.63,0.05,0.09,0.002,50.23,0.06
Station03,163,2024-08-21 02:42:00,228.53,0.03,0.12,0.001,49.73,0.03
Station03,164,2024-08-21 02:43:00,233.17,0.04,0.26,0.002,50.13,0.02
Station03,165,2024-08-21 02:44:00,233.65,0.03,0.01,0.003,49.72,0.01
Station03,166,2024-08-21 02:45:00,237.8,0.04,0.31,0.002,50.36,0.02
Station03,167,2024-08-21 02:46:00,226.86,0.02,0.26,0.003,50.31,0.02
Station03,168,2024-08-21 02:47:00,230.45,0.03,0.44,0.001,50.12,0.03
Station03,169,2024-08-21 02:48:00,236.55,0.05,0.14,0.002,49.58,0.01
Station03,170,2024-08-21 02:49:00,235.9,0.02,0.36,0.002,50.04,0.03
Station03,171,2024-08-21 02:50:00,222.14,0.03,0.3,0.003,49.97,0.03
Station03,172,2024-08-21 02:51:00,232.66,0.02,0.21,0.002,50.49,0.04
Station03,173,2024-08-21 02:52:00,238.07,0.04,0.22,0.001,49.76,0.1
Station03,174,2024-08-21 02:53:00,230.35,0.03,0.09,0.001,49.93,0.06
Station03,175,2024-08-21 02:54:00,235.19,0.04,0.17,0.001,50.08,0.06
Station03,176,2024-08-21 02:55:00,235.13,0.04,0.25,0.002,50.29,0.06
Station03,177,2024-08-21 02:56:00,228.11,0.02,0.38,0.003,49.8,0.02
Station03,178,2024-08-21 02:57:00,228.91,0.05,0.47,0.002,50.32,0.0
Station03,179,2024-08-21 02:58:00,225.59,0.03,0.11,0.001,49.79,0.07
Station03,180,2024-08-21 02:59:00,225.12,0.03,0.38,0.002,50.45,0.03
Station03,181,2024-08-21 03:00:00,232.27,0.04,0.48,0.002,50.49,0.06
Station03,182,2024-08-21 03:01:00,236.63,0.04,0.41,0.002,49.62,0.02
Station03,183,2024-08-21 03:02:00,231.12,0.05,0.48,0.001,50.33,0.09
Station03,184,2024-08-21 03:03:00,239.21,0.03,0.39,0.002,50.23,0.02
Station03,185,2024-08-21 03:04:00,232.48,0.05,0.48,0.003,50.19,0.0
Station03,186,2024-08-21 03:05:00,231.46,0.04,0.22,0.002,50.46,0.07
Station03,187,2024-08-21 03:06:00,223.22,0.02,0.18,0.003,50.37,0.07
Station03,188,2024-08-21 03:07:00,236.93,0.04,0.14,0.002,49.73,0.05
Station03,189,2024-08-21 03:08:00,228.04,0.05,0.02,0.002,49.98,0.05
Station03,190,2024-08-21 03:09:00,232.69,0.04,0.4,0.003,50.03,0.04
Station03,191,2024-08-21 03:10:00,233.19,0.03,0.25,0.002,49.87,0.06
Station03,192,2024-08-21 03:11:00,238.83,0.03,0.42,0.002,49.58,0.1
Station03,193,2024-08-21 03:12:00,238.02,0.03,0.14,0.003,49.81,0.08
Station03,194,2024-08-21 03:13:00,225.44,0.04,0.44,0.001,49.78,0.02
Station03,195,2024-08-21 03:14:00,232.27,0.03,0.35,0.002,50.25,0.03
Station03,196,2024-08-21 03:15:00,220.33,0.04,0.07,0.002,50.27,0.09
Station03,197,2024-08-21 03:16:00,233.7,0.03,0.25,0.002,50.15,0.02
Station03,198,2024-08-21 03:17:00,224.77,0.03,0.18,0.003,50.04,0.04
Station03,199,2024-08-21 03:18:00,223.94,0.02,0.44,0.002,50.12,0.06
Station03,200,2024-08-21 03:19:00,221.76,0.04,0.38,0.003,49.79,0.01
Station03,201,2024-08-21 03:20:00,221.64,0.04,0.47,0.003,49.69,0.08
Station03,202,2024-08-21 03:21:00,220.54,0.04,0.41,0.002,50.5,0.05
Station03,203,2024-08-21 03:22:00,234.36,0.03,0.36,0.002,49.65,0.08
Station03,204,2024-08-21 03:23:00,223.8,0.04,0.04,0.003,50.42,0.03
Station03,205,2024-08-21 03:24:00,222.2,0.03,0.38,0.003,50.23,0.05
Station03,206,2024-08-21 03:25:00,225.53,0.02,0.36,0.002,49.84,0.04
Station03,207,2024-08-21 03:26:00,237.41,0.04,0.35,0.002,49.66,0.08
Station03,208,2024-08-21 03:27:00,239.96,0.04,0.4,0.001,50.14,0.05
Station03,209,2024-08-21 03:28:00,220.23,0.02,0.34,0.002,49.78,0.06
Station03,210,2024-08-21 03:29:00,223.91,0.05,0.11,0.001,49.81,0.06
Station03,211,2024-08-21 03:30:00,223.78,0.02,0.36,0.003,49.66,0.03
Station03,212,2024-08-21 03:31:00,236.43,0.04,0.27,0.001,50.48,0.01
Station03,213,2024-08-21 03:32:00,225.7,0.03,0.03,0.002,49.97,0.1
Station03,214,2024-08-21 03:33:00,227.43,0.02,0.17,0.003,50.22,0.0
Station03,215,2024-08-21 03:34:00,233.78,0.05,0.36,0.002,49.91,0.07
Station03,216,2024-08-21 03:35:00,220.56,0.05,0.36,0.002,50.04,0.01
Station03,217,2024-08-21 03:36:00,237.71,0.04,0.27,0.003,49.63,0.05
Station03,218,2024-08-21 03:37:00,227.77,0.05,0.46,0.003,50.22,0.09
Station03,219,2024-08-21 03:38:00,227.39,0.03,0.24,0.003,49.55,0.05
Station03,220,2024-08-21 03:39:00,236.6,0.04,0.34,0.003,49.93,0.05
Station03,221,2024-08-21 03:40:00,236.76,0.02,0.25,0.002,50.17,0.07
Station03,222,2024-08-21 03:41:00,231.49,0.03,0.01,0.002,49.9,0.02
Station03,223,2024-08-21 03:42:00,235.59,0.03,0.34,0.001,49.52,0.02
Station03,224,2024-08-21 03:43:00,238.61,0.03,0.4,0.002,50.21,0.02
Station03,225,2024-08-21 03:44:00,236.74,0.05,0.49,0.002,49.93,0.08
Station03,226,2024-08-21 03:45:00,236.53,0.03,0.39,0.002,50.08,0.04
Station03,227,2024-08-21 03:46:00,237.45,0.04,0.22,0.002,49.64,0.06
Station03,228,2024-08-21 03:47:00,230.34,0.05,0.04,0.002,50.44,0.01
Station03,229,2024-08-21 03:48:00,228.54,0.03,0.24,0.003,50.09,0.03
Station03,230,2024-08-21 03:49:00,233.49,0.03,0.48,0.002,50.47,0.06
Station03,231,2024-08-21 03:50:00,239.72,0.02,0.25,0.003,50.01,0.1
Station03,232,2024-08-21 03:51:00,225.77,0.03,0.43,0.003,49.67,0.09
Station03,233,2024-08-21 03:52:00,235.82,0.04,0.44,0.002,49.54,0.07
Station03,234,2024-08-21 03:53:00,223.74,0.04,0.14,0.002,49.59,0.03
Station03,235,2024-08-21 03:54:00,234.42,0.04,0.36,0.002,50.4,0.01
Station03,236,2024-08-21 03:55:00,221.99,0.03,0.29,0.002,49.6,0.1
Station03,237,2024-08-21 03:56:00,225.03,0.04,0.47,0.002,50.45,0.02
Station03,238,2024-08-21 03:57:00,224.74,0.05,0.5,0.002,49.93,0.07
Station03,239,2024-08-21 03:58:00,233.56,0.03,0.32,0.001,49.9,0.08
Station03,240,2024-08-21 03:59:00,235.2,0.05,0.17,0.002,50.19,0.05
Station03,241,2024-08-21 04:00:00,225.69,0.05,0.19,0.001,49.68,0.08
Station03,242,2024-08-21 04:01:00,232.51,0.05,0.14,0.002,50.01,0.03
Station03,243,2024-08-21 04:02:00,234.52,0.03,0.42,0.001,49.83,0.01
Station03,244,2024-08-21 04:03:00,222.74,0.03,0.49,0.001,50.28,0.0
Station03,245,2024-08-21 04:04:00,233.86,0.05,0.25,0.001,49.62,0.06
Station03,246,2024-08-21 04:05:00,224.54,0.05,0.28,0.002,49.94,0.03
Station03,247,2024-08-21 04:06:00,232.66,0.04,0.5,0.002,49.87,0.03
Station03,248,2024-08-21 04:07:00,221.81,0.03,0.01,0.001,49.9,0.01
Station03,249,2024-08-21 04:08:00,222.75,0.03,0.25,0.003,49.91,0.04
Station03,250,2024-08-21 04:09:00,226.94,0.03,0.44,0.002,50.45,0.07
Station03,251,2024-08-21 04:10:00,236.29,0.05,0.18,0.003,49.99,0.07
Station03,252,2024-08-21 04:11:00,239.47,0.04,0.04,0.003,50.39,0.06
Station03,253,2024-08-21 04:12:00,232.32,0.04,0.21,0.002,49.56,0.07
Station03,254,2024-08-21 04:13:00,229.37,0.05,0.23,0.001,49.64,0.06
Station03,255,2024-08-21 04:14:00,236.77,0.03,0.2,0.001,50.4,0.04
Station03,256,2024-08-21 04:15:00,228.4,0.04,0.18,0.002,49.66,0.01
Station03,257,2024-08-21 04:16:00,224.98,0.04,0.27,0.001,49.84,0.04
Station03,258,2024-08-21 04:17:00,235.0,0.04,0.49,0.003,49.93,0.0
Station03,259,2024-08-21 04:18:00,221.98,0.05,0.14,0.001,50.02,0.05
Station03,260,2024-08-21 04:19:00,232.97,0.04,0.42,0.001,49.54,0.02
Station03,261,2024-08-21 04:20:00,230.8,0.05,0.1,0.002,49.62,0.06
Station03,262,2024-08-21 04:21:00,223.69,0.02,0.06,0.002,50.04,0.05
Station03,263,2024-08-21 04:22:00,229.88,0.05,0.43,0.001,50.43,0.04
Station03,264,2024-08-21 04:23:00,226.93,0.03,0.21,0.002,49.55,0.09
Station03,265,2024-08-21 04:24:00,222.55,0.03,0.04,0.002,50.4,0.02
Station03,266,2024-08-21 04:25:00,229.33,0.03,0.23,0.001,50.21,0.08
Station03,267,2024-08-21 04:26:00,235.93,0.02,0.42,0.002,49.71,0.01
Station03,268,2024-08-21 04:27:00,231.76,0.04,0.05,0.002,50.26,0.01
Station03,269,2024-08-21 04:28:00,221.44,0.05,0.26,0.002,50.04,0.1
Station03,270,2024-08-21 04:29:00,224.52,0.04,0.2,0.001,50.07,0.1
Station03,271,2024-08-21 04:30:00,233.03,0.04,0.18,0.003,49.76,0.07
Station03,272,2024-08-21 04:31:00,222.27,0.03,0.32,0.001,49.53,0.09
Station03,273,2024-08-21 04:32:00,220.9,0.03,0.48,0.001,49.98,0.05
Station03,274,2024-08-21 04:33:00,226.36,0.04,0.36,0.001,50.39,0.1
Station03,275,2024-08-21 04:34:00,228.78,0.04,0.3,0.002,49.61,0.05
Station03,276,2024-08-21 04:35:00,231.3,0.04,0.49,0.003,50.05,0.07
Station03,277,2024-08-21 04:36:00,220.97,0.04,0.49,0.003,50.0,0.04
Station03,278,2024-08-21 04:37:00,239.81,0.04,0.26,0.003,50.07,0.06
Station03,279,2024-08-21 04:38:00,233.01,0.03,0.22,0.002,50.33,0.0
Station03,280,2024-08-21 04:39:00,220.78,0.03,0.46,0.001,49.74,0.07
Station03,281,2024-08-21 04:40:00,229.39,0.04,0.38,0.003,49.67,0.06
Station03,282,2024-08-21 04:41:00,230.12,0.03,0.26,0.001,49.54,0.06
Station03,283,2024-08-21 04:42:00,227.43,0.03,0.31,0.002,49.85,0.01
Station03,284,2024-08-21 04:43:00,223.41,0.03,0.21,0.002,50.23,0.06
Station03,285,2024-08-21 04:44:00,233.38,0.04,0.07,0.002,50.42,0.07
Station03,286,2024-08-21 04:45:00,233.13,0.03,0.34,0.001,49.84,0.03
Station03,287,2024-08-21 04:46:00,236.18,0.05,0.42,0.003,50.15,0.08
Station03,288,2024-08-21 04:47:00,229.58,0.02,0.15,0.003,50.15,0.02
Station03,289,2024-08-21 04:48:00,227.61,0.04,0.06,0.001,49.62,0.08
Station03,290,2024-08-21 04:49:00,226.11,0.04,0.19,0.001,49.83,0.07
Station03,291,2024-08-21 04:50:00,231.02,0.05,0.22,0.002,49.87,0.04
Station03,292,2024-08-21 04:51:00,232.02,0.04,0.32,0.002,49.8,0.03
Station03,293,2024-08-21 04:52:00,237.9,0.03,0.41,0.003,49.58,0.0
Station03,294,2024-08-21 04:53:00,233.54,0.04,0.01,0.003,49.73,0.02
Station03,295,2024-08-21 04:54:00,220.45,0.04,0.01,0.003,49.73,0.03
Station03,296,2024-08-21 04:55:00,232.99,0.04,0.33,0.003,49.59,0.09
Station03,297,2024-08-21 04:56:00,235.13,0.05,0.48,0.002,49.76,0.01
Station03,298,2024-08-21 04:57:00,236.55,0.04,0.38,0.002,50.45,0.01
Station03,299,2024-08-21 04:58:00,238.49,0.02,0.13,0.002,50.1,0.03
Station03,300,2024-08-21 04:59:00,237.39,0.03,0.48,0.002,50.14,0.09
Station03,301,2024-08-21 05:00:00,233.93,0.02,0.34,0.003,49.79,0.0
Station03,302,2024-08-21 05:01:00,236.7,0.04,0.2,0.001,49.53,0.05
Station03,303,2024-08-21 05:02:00,220.65,0.03,0.42,0.003,50.32,0.08
Station03,304,2024-08-21 05:03:00,233.81,0.02,0.44,0.003,49.87,0.07
Station03,305,2024-08-21 05:04:00,224.91,0.03,0.31,0.001,49.89,0.08
Station03,306,2024-08-21 05:05:00,221.08,0.04,0.19,0.001,49.9,0.05
Station03,307,2024-08-21 05:06:00,231.05,0.03,0.09,0.003,50.29,0.0
Station03,308,2024-08-21 05:07:00,225.44,0.02,0.01,0.002,49.64,0.09
Station03,309,2024-08-21 05:08:00,229.92,0.05,0.12,0.003,49.83,0.01
Station03,310,2024-08-21 05:09:00,221.63,0.04,0.42,0.002,49.75,0.07
Station03,311,2024-08-21 05:10:00,230.77,0.02,0.44,0.002,49.96,0.09
Station03,312,2024-08-21 05:11:00,225.17,0.03,0.02,0.002,49.81,0.08
Station03,313,2024-08-21 05:12:00,232.01,0.03,0.16,0.002,50.35,0.07
Station03,314,2024-08-21 05:13:00,237.32,0.05,0.31,0.002,49.95,0.06
Station03,315,2024-08-21 05:14:00,231.55,0.03,0.02,0.002,50.03,0.02
Station03,316,2024-08-21 05:15:00,236.66,0.03,0.02,0.001,50.25,0.09
Station03,317,2024-08-21 05:16:00,235.09,0.03,0.3,0.003,49.73,0.08
Station03,318,2024-08-21 05:17:00,229.29,0.03,0.32,0.001,49.93,0.04
Station03,319,2024-08-21 05:18:00,229.18,0.04,0.11,0.002,50.23,0.04
Station03,320,2024-08-21 05:19:00,220.97,0.03,0.4,0.001,50.49,0.04
Station03,321,2024-08-21 05:20:00,226.1,0.02,0.35,0.002,50.34,0.08
Station03,322,2024-08-21 05:21:00,230.22,0.03,0.38,0.002,49.94,0.01
Station03,323,2024-08-21 05:22:00,234.06,0.04,0.39,0.003,49.95,0.05
Station03,324,2024-08-21 05:23:00,237.25,0.04,0.42,0.002,50.32,0.02
Station03,325,2024-08-21 05:24:00,232.1,0.04,0.28,0.001,49.85,0.05
Station03,326,2024-08-21 05:25:00,222.13,0.02,0.46,0.003,49.8,0.09
Station03,327,2024-08-21 05:26:00,238.81,0.03,0.24,0.001,50.03,0.01
Station03,328,2024-08-21 05:27:00,233.63,0.03,0.18,0.002,49.71,0.04
Station03,329,2024-08-21 05:28:00,238.82,0.04,0.26,0.001,50.4,0.03
Station03,330,2024-08-21 05:29:00,225.11,0.04,0.18,0.001,49.71,0.07
Station03,331,2024-08-21 05:30:00,229.9,0.04,0.01,0.002,50.0,0.06
Station03,332,2024-08-21 05:31:00,224.58,0.03,0.0,0.001,50.08,0.03
Station03,333,2024-08-21 05:32:00,223.56,0.02,0.2,0.002,50.07,0.03
Station03,334,2024-08-21 05:33:00,237.34,0.03,0.15,0.003,49.7,0.09
Station03,335,2024-08-21 05:34:00,235.32,0.04,0.28,0.001,50.28,0.05
Station03,336,2024-08-21 05:35:00,237.75,0.04,0.3,0.002,50.44,0.01
Station03,337,2024-08-21 05:36:00,221.12,0.03,0.31,0.002,50.31,0.08
Station03,338,2024-08-21 05:37:00,220.38,0.04,0.13,0.001,49.8,0.06
Station03,339,2024-08-21 05:38:00,238.81,0.04,0.36,0.003,50.08,0.01
Station03,340,2024-08-21 05:39:00,222.91,0.04,0.19,0.001,50.43,0.0
Station03,341,2024-08-21 05:40:00,237.65,0.02,0.35,0.003,49.86,0.09
Station03,342,2024-08-21 05:41:00,233.46,0.04,0.38,0.002,50.3,0.08
Station03,343,2024-08-21 05:42:00,235.43,0.05,0.12,0.002,50.27,0.06
Station03,344,2024-08-21 05:43:00,235.46,0.04,0.19,0.002,49.99,0.07
Station03,345,2024-08-21 05:44:00,229.61,0.03,0.39,0.003,50.11,0.03
Station03,346,2024-08-21 05:45:00,239.53,0.03,0.4,0.002,50.36,0.09
Station03,347,2024-08-21 05:46:00,236.05,0.04,0.22,0.003,50.16,0.09
Station03,348,2024-08-21 05:47:00,232.75,0.03,0.05,0.001,50.12,0.02
Station03,349,2024-08-21 05:48:00,233.04,0.05,0.03,0.002,50.2,0.03
Station03,350,2024-08-21 05:49:00,224.21,0.04,0.3,0.003,50.4,0.06
Station03,351,2024-08-21 05:50:00,236.19,0.05,0.49,0.002,50.44,0.02
Station03,352,2024-08-21 05:51:00,226.42,0.04,0.18,0.002,49.5,0.05
Station03,353,2024-08-21 05:52:00,223.49,0.04,0.48,0.002,49.64,0.05
Station03,354,2024-08-21 05:53:00,222.36,0.02,0.34,0.002,49.92,0.04
Station03,355,2024-08-21 05:54:00,231.76,0.04,0.06,0.003,50.5,0.08
Station03,356,2024-08-21 05:55:00,223.73,0.04,0.04,0.002,50.45,0.02
Station03,357,2024-08-21 05:56:00,228.94,0.02,0.16,0.002,49.57,0.07
Station03,358,2024-08-21 05:57:00,227.18,0.04,0.4,0.002,50.44,0.07
Station03,359,2024-08-21 05:58:00,223.79,0.04,0.14,0.002,50.23,0.08
Station03,360,2024-08-21 05:59:00,230.28,0.03,0.26,0.002,50.05,0.04
Station03,361,2024-08-21 06:00:00,232.93,0.03,0.41,0.002,50.27,0.06
Station03,362,2024-08-21 06:01:00,238.67,0.05,0.0,0.001,50.48,0.06
Station03,363,2024-08-21 06:02:00,225.67,0.02,0.36,0.002,50.0,0.02
Station03,364,2024-08-21 06:03:00,229.09,0.03,0.26,0.003,49.52,0.05
Station03,365,2024-08-21 06:04:00,227.5,0.05,0.23,0.001,50.25,0.03
Station03,366,2024-08-21 06:05:00,229.55,0.02,0.06,0.002,49.93,0.08
Station03,367,2024-08-21 06:06:00,226.03,0.03,0.35,0.001,49.72,0.08
Station03,368,2024-08-21 06:07:00,238.46,0.03,0.33,0.002,50.22,0.05
Station03,369,2024-08-21 06:08:00,230.87,0.04,0.11,0.003,50.48,0.01
Station03,370,2024-08-21 06:09:00,232.31,0.04,0.26,0.003,49.68,0.06
Station03,371,2024-08-21 06:10:00,234.72,0.03,0.3,0.002,50.08,0.09
Station03,372,2024-08-21 06:11:00,220.68,0.03,0.23,0.002,50.33,0.0
Station03,373,2024-08-21 06:12:00,226.19,0.05,0.41,0.002,50.27,0.01
Station03,374,2024-08-21 06:13:00,237.18,0.05,0.41,0.002,49.75,0.06
Station03,375,2024-08-21 06:14:00,234.01,0.04,0.06,0.003,49.88,0.1
Station03,376,2024-08-21 06:15:00,233.45,0.04,0.16,0.002,49.58,0.02
Station03,377,2024-08-21 06:16:00,236.56,0.02,0.45,0.002,49.72,0.08
Station03,378,2024-08-21 06:17:00,235.87,0.05,0.46,0.001,50.08,0.06
Station03,379,2024-08-21 06:18:00,230.6,0.04,0.12,0.001,50.37,0.02
Station03,380,2024-08-21 06:19:00,225.34,0.03,0.03,0.002,49.76,0.06
Station03,381,2024-08-21 06:20:00,222.44,0.04,0.39,0.002,49.87,0.07
Station03,382,2024-08-21 06:21:00,229.21,0.05,0.11,0.003,50.41,0.03
Station03,383,2024-08-21 06:22:00,233.11,0.03,0.11,0.003,49.82,0.07
Station03,384,2024-08-21 06:23:00,232.27,0.02,0.11,0.002,49.89,0.07
Station03,385,2024-08-21 06:24:00,223.27,0.04,0.16,0.001,49.73,0.03
Station03,386,2024-08-21 06:25:00,220.78,0.04,0.04,0.003,50.04,0.06
Station03,387,2024-08-21 06:26:00,222.21,0.03,0.48,0.002,49.86,0.08
Station03,388,2024-08-21 06:27:00,226.56,0.03,0.06,0.002,50.09,0.01
Station03,389,2024-08-21 06:28:00,237.89,0.04,0.0,0.002,50.21,0.08
Station03,390,2024-08-21 06:29:00,228.92,0.04,0.35,0.002,49.95,0.08
Station03,391,2024-08-21 06:30:00,220.56,0.04,0.05,0.002,49.77,0.09
Station03,392,2024-08-21 06:31:00,234.25,0.02,0.25,0.002,49.91,0.04
Station03,393,2024-08-21 06:32:00,220.06,0.03,0.16,0.003,50.22,0.05
Station03,394,2024-08-21 06:33:00,237.74,0.03,0.25,0.002,50.23,0.06
Station03,395,2024-08-21 06:34:00,238.06,0.04,0.32,0.003,50.34,0.08
Station03,396,2024-08-21 06:35:00,237.94,0.02,0.46,0.001,50.21,0.1
Station03,397,2024-08-21 06:36:00,224.96,0.03,0.29,0.003,50.32,0.06
Station03,398,2024-08-21 06:37:00,231.53,0.03,0.32,0.001,50.21,0.01
Station03,399,2024-08-21 06:38:00,226.16,0.05,0.38,0.002,49.68,0.01
Station03,400,2024-08-21 06:39:00,239.23,0.05,0.37,0.002,49.95,0.07
Station03,401,2024-08-21 06:40:00,221.86,0.04,0.29,0.003,49.57,0.03
Station03,402,2024-08-21 06:41:00,227.25,0.04,0.49,0.002,50.36,0.02
Station03,403,2024-08-21 06:42:00,225.48,0.03,0.03,0.001,49.53,0.06
Station03,404,2024-08-21 06:43:00,229.17,0.02,0.09,0.001,49.54,0.01
Station03,405,2024-08-21 06:44:00,238.51,0.05,0.3,0.003,50.01,0.04
Station03,406,2024-08-21 06:45:00,226.53,0.02,0.36,0.002,49.59,0.02
Station03,407,2024-08-21 06:46:00,239.71,0.05,0.06,0.001,49.98,0.05
Station03,408,2024-08-21 06:47:00,235.9,0.03,0.09,0.003,49.54,0.0
Station03,409,2024-08-21 06:48:00,223.5,0.05,0.34,0.001,49.86,0.0
Station03,410,2024-08-21 06:49:00,235.53,0.03,0.1,0.003,50.15,0.09
Station03,411,2024-08-21 06:50:00,237.86,0.04,0.34,0.002,49.87,0.1
Station03,412,2024-08-21 06:51:00,225.55,0.05,0.46,0.003,50.36,0.05
Station03,413,2024-08-21 06:52:00,225.08,0.04,0.33,0.002,50.27,0.01
Station03,414,2024-08-21 06:53:00,226.61,0.04,0.46,0.002,49.97,0.03
Station03,415,2024-08-21 06:54:00,225.79,0.04,0.12,0.001,50.5,0.08
Station03,416,2024-08-21 06:55:00,237.54,0.04,0.42,0.001,50.03,0.01
Station03,417,2024-08-21 06:56:00,221.53,0.03,0.05,0.002,49.54,0.03
Station03,418,2024-08-21 06:57:00,221.84,0.05,0.22,0.002,49.92,0.1
Station03,419,2024-08-21 06:58:00,230.49,0.03,0.3,0.001,50.06,0.07
Station03,420,2024-08-21 06:59:00,226.07,0.04,0.38,0.001,50.23,0.01
Station03,421,2024-08-21 07:00:00,227.86,0.04,0.3,0.003,50.27,0.04
Station03,422,2024-08-21 07:01:00,237.26,0.05,0.14,0.003,50.33,0.07
Station03,423,2024-08-21 07:02:00,236.57,0.04,0.03,0.003,49.62,0.06
Station03,424,2024-08-21 07:03:00,238.93,0.03,0.14,0.001,49.7,0.08
Station03,425,2024-08-21 07:04:00,225.2,0.04,0.28,0.002,49.96,0.1
Station03,426,2024-08-21 07:05:00,237.2,0.05,0.47,0.002,49.83,0.08
Station03,427,2024-08-21 07:06:00,238.4,0.02,0.36,0.002,50.22,0.05
Station03,428,2024-08-21 07:07:00,223.89,0.03,0.27,0.002,49.64,0.1
Station03,429,2024-08-21 07:08:00,231.87,0.02,0.43,0.003,49.58,0.05
Station03,430,2024-08-21 07:09:00,223.57,0.03,0.09,0.002,50.11,0.02
Station03,431,2024-08-21 07:10:00,223.69,0.03,0.24,0.002,49.74,0.08
Station03,432,2024-08-21 07:11:00,231.91,0.03,0.14,0.002,49.69,0.08
Station03,433,2024-08-21 07:12:00,237.75,0.03,0.2,0.002,49.82,0.02
Station03,434,2024-08-21 07:13:00,221.58,0.05,0.17,0.003,49.99,0.0
Station03,435,2024-08-21 07:14:00,227.86,0.02,0.31,0.003,50.26,0.02
Station03,436,2024-08-21 07:15:00,232.24,0.03,0.11,0.003,50.18,0.01
Station03,437,2024-08-21 07:16:00,225.56,0.03,0.09,0.001,49.66,0.03
Station03,438,2024-08-21 07:17:00,227.58,0.04,0.44,0.002,49.56,0.09
Station03,439,2024-08-21 07:18:00,229.18,0.04,0.12,0.002,49.88,0.02
Station03,440,2024-08-21 07:19:00,225.27,0.03,0.07,0.003,50.16,0.09
Station03,441,2024-08-21 07:20:00,232.01,0.03,0.29,0.001,50.12,0.03
Station03,442,2024-08-21 07:21:00,232.4,0.05,0.36,0.003,50.31,0.05
Station03,443,2024-08-21 07:22:00,222.22,0.04,0.01,0.001,50.15,0.01
Station03,444,2024-08-21 07:23:00,238.23,0.04,0.1,0.003,50.1,0.09
Station03,445,2024-08-21 07:24:00,236.53,0.05,0.16,0.001,50.5,0.07
Station03,446,2024-08-21 07:25:00,223.7,0.03,0.01,0.003,49.92,0.0
Station03,447,2024-08-21 07:26:00,221.57,0.03,0.2,0.003,50.14,0.07
Station03,448,2024-08-21 07:27:00,234.39,0.04,0.32,0.003,49.91,0.04
Station03,449,2024-08-21 07:28:00,232.98,0.05,0.43,0.003,49.54,0.09
Station03,450,2024-08-21 07:29:00,221.95,0.03,0.09,0.001,49.67,0.06
Station03,451,2024-08-21 07:30:00,229.59,0.03,0.17,0.003,49.98,0.03
Station03,452,2024-08-21 07:31:00,237.02,0.05,0.23,0.001,49.5,0.01
Station03,453,2024-08-21 07:32:00,234.81,0.02,0.33,0.001,49.84,0.08
Station03,454,2024-08-21 07:33:00,229.79,0.03,0.42,0.001,50.13,0.04
Station03,455,2024-08-21 07:34:00,234.22,0.03,0.1,0.001,50.19,0.0
Station03,456,2024-08-21 07:35:00,228.04,0.05,0.47,0.001,50.39,0.08
Station03,457,2024-08-21 07:36:00,224.99,0.04,0.46,0.003,49.75,0.1
Station03,458,2024-08-21 07:37:00,224.32,0.02,0.44,0.002,49.63,0.05
Station03,459,2024-08-21 07:38:00,237.09,0.04,0.29,0.002,50.31,0.06
Station03,460,2024-08-21 07:39:00,233.17,0.04,0.31,0.002,50.09,0.02
Station03,461,2024-08-21 07:40:00,237.38,0.04,0.33,0.001,50.19,0.05
Station03,462,2024-08-21 07:41:00,225.5,0.05,0.18,0.002,49.66,0.08
Station03,463,2024-08-21 07:42:00,222.42,0.04,0.44,0.002,50.26,0.01
Station03,464,2024-08-21 07:43:00,228.79,0.04,0.12,0.002,50.19,0.0
Station03,465,2024-08-21 07:44:00,220.3,0.03,0.13,0.003,50.01,0.08
Station03,466,2024-08-21 07:45:00,225.17,0.05,0.1,0.002,50.0,0.1
Station03,467,2024-08-21 07:46:00,224.96,0.04,0.05,0.003,49.8,0.09
Station03,468,2024-08-21 07:47:00,227.25,0.03,0.32,0.002,49.9,0.05
Station03,469,2024-08-21 07:48:00,232.62,0.03,0.14,0.001,50.09,0.09
Station03,470,2024-08-21 07:49:00,228.19,0.04,0.21,0.002,49.89,0.09
Station03,471,2024-08-21 07:50:00,220.98,0.03,0.33,0.002,50.35,0.02
Station03,472,2024-08-21 07:51:00,222.03,0.02,0.15,0.002,50.26,0.07
Station03,473,2024-08-21 07:52:00,234.34,0.03,0.17,0.003,50.2,0.01
Station03,474,2024-08-21 07:53:00,221.81,0.05,0.31,0.003,49.9,0.08
Station03,475,2024-08-21 07:54:00,224.22,0.03,0.29,0.002,49.56,0.08
Station03,476,2024-08-21 07:55:00,236.36,0.04,0.3,0.001,49.98,0.03
Station03,477,2024-08-21 07:56:00,229.87,0.05,0.05,0.003,49.94,0.09
Station03,478,2024-08-21 07:57:00,220.32,0.03,0.37,0.002,50.46,0.06
Station03,479,2024-08-21 07:58:00,222.49,0.03,0.01,0.003,50.32,0.09
Station03,480,2024-08-21 07:59:00,230.9,0.05,0.35,0.002,50.4,0.1
Station03,481,2024-08-21 08:00:00,235.96,0.04,0.01,0.002,49.77,0.08
Station03,482,2024-08-21 08:01:00,238.62,0.03,0.24,0.003,49.63,0.01
Station03,483,2024-08-21 08:02:00,223.77,0.02,0.14,0.001,49.52,0.1
Station03,484,2024-08-21 08:03:00,226.94,0.04,0.45,0.003,50.35,0.0
Station03,485,2024-08-21 08:04:00,233.98,0.03,0.11,0.002,50.36,0.09
Station03,486,2024-08-21 08:05:00,238.15,0.04,0.28,0.002,49.92,0.08
Station03,487,2024-08-21 08:06:00,224.06,0.05,0.19,0.003,50.05,0.07
Station03,488,2024-08-21 08:07:00,235.93,0.04,0.18,0.001,49.6,0.07
Station03,489,2024-08-21 08:08:00,221.8,0.04,0.2,0.002,50.35,0.1
Station03,490,2024-08-21 08:09:00,227.28,0.03,0.43,0.002,50.37,0.08
Station03,491,2024-08-21 08:10:00,232.0,0.03,0.1,0.002,50.11,0.0
Station03,492,2024-08-21 08:11:00,230.47,0.04,0.21,0.002,49.51,0.02
Station03,493,2024-08-21 08:12:00,221.66,0.03,0.49,0.002,50.22,0.07
Station03,494,2024-08-21 08:13:00,224.15,0.05,0.25,0.003,50.05,0.03
Station03,495,2024-08-21 08:14:00,233.28,0.02,0.42,0.001,49.52,0.08
Station03,496,2024-08-21 08:15:00,221.89,0.04,0.04,0.001,49.56,0.02
Station03,497,2024-08-21 08:16:00,222.04,0.05,0.35,0.001,49.93,0.09
Station03,498,2024-08-21 08:17:00,222.6,0.04,0.38,0.002,50.28,0.08
Station03,499,2024-08-21 08:18:00,235.78,0.03,0.09,0.002,49.59,0.03
Station03,500,2024-08-21 08:19:00,238.14,0.03,0.19,0.001,50.47,0.07
Station03,501,2024-08-21 08:20:00,231.95,0.04,0.1,0.003,49.62,0.09
Station03,502,2024-08-21 08:21:00,234.03,0.04,0.12,0.002,50.29,0.07
Station03,503,2024-08-21 08:22:00,226.22,0.03,0.09,0.001,49.84,0.07
Station03,504,2024-08-21 08:23:00,222.04,0.05,0.32,0.002,50.2,0.01
Station03,505,2024-08-21 08:24:00,236.89,0.03,0.38,0.002,49.94,0.0
Station03,506,2024-08-21 08:25:00,230.42,0.04,0.11,0.003,50.45,0.03
Station03,507,2024-08-21 08:26:00,234.85,0.02,0.03,0.001,49.59,0.08
Station03,508,2024-08-21 08:27:00,224.27,0.03,0.48,0.002,50.35,0.05
Station03,509,2024-08-21 08:28:00,239.42,0.03,0.48,0.002,49.69,0.0
Station03,510,2024-08-21 08:29:00,228.78,0.03,0.37,0.003,50.14,0.01
Station03,511,2024-08-21 08:30:00,233.9,0.02,0.16,0.001,50.15,0.01
Station03,512,2024-08-21 08:31:00,235.82,0.03,0.19,0.002,50.13,0.02
Station03,513,2024-08-21 08:32:00,226.96,0.04,0.42,0.002,49.85,0.09
Station03,514,2024-08-21 08:33:00,227.79,0.04,0.34,0.003,50.35,0.04
Station03,515,2024-08-21 08:34:00,222.93,0.04,0.4,0.001,49.73,0.07
Station03,516,2024-08-21 08:35:00,223.48,0.03,0.4,0.003,50.08,0.09
Station03,517,2024-08-21 08:36:00,235.88,0.02,0.09,0.002,49.89,0.03
Station03,518,2024-08-21 08:37:00,224.09,0.03,0.02,0.001,49.51,0.04
Station03,519,2024-08-21 08:38:00,228.03,0.04,0.29,0.003,49.54,0.07
Station03,520,2024-08-21 08:39:00,228.39,0.03,0.01,0.002,50.15,0.08
Station03,521,2024-08-21 08:40:00,221.84,0.04,0.01,0.003,49.71,0.09
Station03,522,2024-08-21 08:41:00,238.82,0.02,0.26,0.003,49.76,0.05
Station03,523,2024-08-21 08:42:00,221.27,0.03,0.28,0.002,50.31,0.05
Station03,524,2024-08-21 08:43:00,238.89,0.04,0.03,0.003,50.16,0.07
Station03,525,2024-08-21 08:44:00,235.14,0.02,0.38,0.001,50.36,0.02
Station03,526,2024-08-21 08:45:00,231.63,0.04,0.18,0.001,50.33,0.05
Station03,527,2024-08-21 08:46:00,236.4,0.03,0.22,0.002,49.66,0.04
Station03,528,2024-08-21 08:47:00,235.38,0.04,0.07,0.002,50.33,0.04
Station03,529,2024-08-21 08:48:00,232.03,0.04,0.37,0.001,49.76,0.04
Station03,530,2024-08-21 08:49:00,227.71,0.02,0.47,0.002,49.95,0.08
Station03,531,2024-08-21 08:50:00,238.66,0.02,0.0,0.001,49.95,0.06
Station03,532,2024-08-21 08:51:00,234.13,0.03,0.32,0.002,49.94,0.09
Station03,533,2024-08-21 08:52:00,234.64,0.04,0.11,0.001,50.28,0.03
Station03,534,2024-08-21 08:53:00,236.33,0.02,0.31,0.001,50.19,0.01
Station03,535,2024-08-21 08:54:00,234.33,0.03,0.07,0.001,50.23,0.03
Station03,536,2024-08-21 08:55:00,225.16,0.03,0.27,0.001,49.83,0.05
Station03,537,2024-08-21 08:56:00,236.21,0.02,0.02,0.002,49.72,0.09
Station03,538,2024-08-21 08:57:00,233.65,0.02,0.3,0.003,50.07,0.04
Station03,539,2024-08-21 08:58:00,232.25,0.04,0.46,0.003,49.95,0.05
Station03,540,2024-08-21 08:59:00,224.4,0.05,0.17,0.002,50.2,0.02
Station03,541,2024-08-21 09:00:00,227.44,0.02,0.45,0.002,49.83,0.05
Station03,542,2024-08-21 09:01:00,228.98,0.03,0.06,0.001,50.07,0.03
Station03,543,2024-08-21 09:02:00,224.79,0.02,0.34,0.002,49.96,0.05
Station03,544,2024-08-21 09:03:00,225.59,0.03,0.28,0.002,50.05,0.02
Station03,545,2024-08-21 09:04:00,239.02,0.03,0.17,0.003,50.46,0.07
Station03,546,2024-08-21 09:05:00,232.02,0.03,0.33,0.003,49.71,0.05
Station03,547,2024-08-21 09:06:00,222.91,0.05,0.27,0.001,50.28,0.03
Station03,548,2024-08-21 09:07:00,225.0,0.04,0.12,0.003,49.97,0.08
Station03,549,2024-08-21 09:08:00,231.71,0.05,0.4,0.002,50.28,0.02
Station03,550,2024-08-21 09:09:00,226.15,0.03,0.02,0.003,49.51,0.01
Station03,551,2024-08-21 09:10:00,221.51,0.03,0.1,0.001,49.89,0.05
Station03,552,2024-08-21 09:11:00,238.77,0.05,0.22,0.002,49.95,0.02
Station03,553,2024-08-21 09:12:00,225.72,0.03,0.48,0.002,50.29,0.08
Station03,554,2024-08-21 09:13:00,234.6,0.03,0.3,0.002,50.4,0.08
Station03,555,2024-08-21 09:14:00,233.68,0.05,0.32,0.003,50.3,0.07
Station03,556,2024-08-21 09:15:00,227.3,0.03,0.39,0.003,50.36,0.07
Station03,557,2024-08-21 09:16:00,227.98,0.02,0.3,0.001,49.74,0.09
Station03,558,2024-08-21 09:17:00,239.31,0.05,0.14,0.002,50.07,0.1
Station03,559,2024-08-21 09:18:00,235.39,0.05,0.33,0.002,49.85,0.07
Station03,560,2024-08-21 09:19:00,236.1,0.03,0.38,0.002,50.5,0.05
Station03,561,2024-08-21 09:20:00,231.78,0.03,0.12,0.003,50.17,0.1
Station03,562,2024-08-21 09:21:00,228.9,0.03,0.15,0.001,50.27,0.03
Station03,563,2024-08-21 09:22:00,226.23,0.03,0.43,0.002,50.03,0.04
Station03,564,2024-08-21 09:23:00,235.18,0.03,0.03,0.003,49.58,0.03
Station03,565,2024-08-21 09:24:00,229.65,0.05,0.17,0.003,50.43,0.0
Station03,566,2024-08-21 09:25:00,237.87,0.04,0.17,0.003,50.48,0.05
Station03,567,2024-08-21 09:26:00,229.98,0.05,0.41,0.002,50.33,0.0
Station03,568,2024-08-21 09:27:00,229.74,0.03,0.48,0.003,49.59,0.07
Station03,569,2024-08-21 09:28:00,226.73,0.03,0.16,0.001,50.28,0.01
Station03,570,2024-08-21 09:29:00,234.61,0.03,0.12,0.001,50.2,0.01
Station03,571,2024-08-21 09:30:00,232.61,0.03,0.25,0.002,50.32,0.03
Station03,572,2024-08-21 09:31:00,222.39,0.03,0.12,0.001,50.43,0.09
Station03,573,2024-08-21 09:32:00,223.76,0.04,0.24,0.002,50.13,0.09
Station03,574,2024-08-21 09:33:00,232.72,0.05,0.15,0.002,49.56,0.02
Station03,575,2024-08-21 09:34:00,221.34,0.03,0.35,0.001,49.6,0.03
Station03,576,2024-08-21 09:35:00,223.87,0.03,0.04,0.002,49.77,0.08
Station03,577,2024-08-21 09:36:00,232.48,0.05,0.27,0.002,50.17,0.03
Station03,578,2024-08-21 09:37:00,231.88,0.03,0.47,0.002,50.13,0.03
Station03,579,2024-08-21 09:38:00,229.57,0.04,0.37,0.003,49.9,0.06
Station03,580,2024-08-21 09:39:00,231.76,0.03,0.44,0.002,49.67,0.03
Station03,581,2024-08-21 09:40:00,228.65,0.04,0.18,0.003,50.33,0.08
Station03,582,2024-08-21 09:41:00,234.26,0.05,0.23,0.003,49.53,0.03
Station03,583,2024-08-21 09:42:00,226.74,0.02,0.04,0.002,49.63,0.07
Station03,584,2024-08-21 09:43:00,220.42,0.04,0.41,0.001,50.42,0.02
Station03,585,2024-08-21 09:44:00,234.91,0.03,0.04,0.002,49.72,0.04
Station03,586,2024-08-21 09:45:00,226.96,0.02,0.45,0.002,49.93,0.06
Station03,587,2024-08-21 09:46:00,226.25,0.02,0.41,0.003,49.97,0.07
Station03,588,2024-08-21 09:47:00,224.24,0.04,0.38,0.002,50.01,0.04
Station03,589,2024-08-21 09:48:00,220.06,0.04,0.3,0.001,49.95,0.06
Station03,590,2024-08-21 09:49:00,229.04,0.04,0.03,0.002,50.0,0.06
Station03,591,2024-08-21 09:50:00,232.93,0.05,0.24,0.001,49.5,0.01
Station03,592,2024-08-21 09:51:00,229.49,0.05,0.39,0.003,50.28,0.01
Station03,593,2024-08-21 09:52:00,237.27,0.04,0.34,0.001,49.68,0.1
Station03,594,2024-08-21 09:53:00,233.95,0.05,0.35,0.002,50.46,0.03
Station03,595,2024-08-21 09:54:00,230.16,0.03,0.44,0.001,49.76,0.07
Station03,596,2024-08-21 09:55:00,222.71,0.03,0.42,0.001,50.13,0.01
Station03,597,2024-08-21 09:56:00,225.34,0.02,0.02,0.001,49.75,0.03
Station03,598,2024-08-21 09:57:00,232.94,0.03,0.02,0.001,49.78,0.05
Station03,599,2024-08-21 09:58:00,229.74,0.03,0.46,0.001,49.55,0.08
Station03,600,2024-08-21 09:59:00,236.38,0.04,0.03,0.003,50.17,0.01
Station03,601,2024-08-21 10:00:00,234.09,0.02,0.03,0.001,50.11,0.09
Station03,602,2024-08-21 10:01:00,230.28,0.02,0.29,0.003,50.15,0.08
Station03,603,2024-08-21 10:02:00,226.3,0.04,0.11,0.002,50.24,0.01
Station03,604,2024-08-21 10:03:00,231.78,0.03,0.43,0.002,50.24,0.01
Station03,605,2024-08-21 10:04:00,224.97,0.03,0.47,0.002,50.08,0.03
Station03,606,2024-08-21 10:05:00,225.17,0.04,0.06,0.001,49.57,0.08
Station03,607,2024-08-21 10:06:00,236.12,0.03,0.22,0.002,49.96,0.05
Station03,608,2024-08-21 10:07:00,231.22,0.03,0.01,0.002,49.57,0.07
Station03,609,2024-08-21 10:08:00,228.55,0.03,0.13,0.002,50.29,0.03
Station03,610,2024-08-21 10:09:00,236.27,0.04,0.19,0.002,50.29,0.07
Station03,611,2024-08-21 10:10:00,226.71,0.03,0.28,0.003,50.39,0.07
Station03,612,2024-08-21 10:11:00,228.01,0.05,0.28,0.001,50.48,0.07
Station03,613,2024-08-21 10:12:00,222.01,0.03,0.44,0.002,49.6,0.07
Station03,614,2024-08-21 10:13:00,236.21,0.03,0.3,0.001,49.85,0.02
Station03,615,2024-08-21 10:14:00,227.79,0.04,0.46,0.003,49.85,0.1
Station03,616,2024-08-21 10:15:00,227.36,0.03,0.01,0.003,50.02,0.06
Station03,617,2024-08-21 10:16:00,224.9,0.05,0.47,0.002,50.39,0.09
Station03,618,2024-08-21 10:17:00,225.05,0.04,0.48,0.002,49.86,0.09
Station03,619,2024-08-21 10:18:00,220.95,0.05,0.41,0.002,50.17,0.09
Station03,620,2024-08-21 10:19:00,235.9,0.03,0.05,0.002,49.92,0.01
Station03,621,2024-08-21 10:20:00,238.38,0.05,0.36,0.002,49.88,0.07
Station03,622,2024-08-21 10:21:00,233.03,0.03,0.38,0.002,49.87,0.03
Station03,623,2024-08-21 10:22:00,222.55,0.04,0.07,0.002,49.78,0.08
Station03,624,2024-08-21 10:23:00,226.21,0.04,0.38,0.001,50.47,0.04
Station03,625,2024-08-21 10:24:00,234.82,0.02,0.21,0.003,50.05,0.04
Station03,626,2024-08-21 10:25:00,237.13,0.05,0.08,0.002,49.96,0.08
Station03,627,2024-08-21 10:26:00,227.8,0.04,0.01,0.002,50.28,0.09
Station03,628,2024-08-21 10:27:00,225.02,0.04,0.02,0.002,49.91,0.03
Station03,629,2024-08-21 10:28:00,220.61,0.03,0.15,0.002,49.5,0.06
Station03,630,2024-08-21 10:29:00,228.37,0.04,0.25,0.002,49.67,0.02
Station03,631,2024-08-21 10:30:00,231.62,0.03,0.39,0.002,50.05,0.1
Station03,632,2024-08-21 10:31:00,221.27,0.03,0.2,0.002,50.16,0.08
Station03,633,2024-08-21 10:32:00,220.52,0.05,0.46,0.003,49.6,0.08
Station03,634,2024-08-21 10:33:00,237.56,0.04,0.42,0.001,50.37,0.03
Station03,635,2024-08-21 10:34:00,226.29,0.04,0.44,0.003,49.6,0.06
Station03,636,2024-08-21 10:35:00,237.33,0.02,0.47,0.002,49.88,0.05
Station03,637,2024-08-21 10:36:00,227.31,0.05,0.35,0.003,50.48,0.03
Station03,638,2024-08-21 10:37:00,227.41,0.04,0.39,0.002,50.31,0.03
Station03,639,2024-08-21 10:38:00,233.05,0.05,0.17,0.001,49.94,0.05
Station03,640,2024-08-21 10:39:00,232.02,0.03,0.34,0.003,49.53,0.07
Station03,641,2024-08-21 10:40:00,237.88,0.04,0.18,0.001,50.02,0.07
Station03,642,2024-08-21 10:41:00,234.08,0.04,0.11,0.002,50.04,0.1
Station03,643,2024-08-21 10:42:00,229.45,0.04,0.42,0.002,49.79,0.02
Station03,644,2024-08-21 10:43:00,224.17,0.04,0.06,0.003,50.02,0.07
Station03,645,2024-08-21 10:44:00,234.23,0.03,0.22,0.002,49.56,0.03
Station03,646,2024-08-21 10:45:00,227.37,0.03,0.31,0.002,49.72,0.08
Station03,647,2024-08-21 10:46:00,220.35,0.03,0.5,0.002,50.28,0.1
Station03,648,2024-08-21 10:47:00,236.7,0.02,0.37,0.002,49.86,0.08
Station03,649,2024-08-21 10:48:00,221.56,0.02,0.05,0.003,50.41,0.03
Station03,650,2024-08-21 10:49:00,222.46,0.05,0.32,0.001,50.0,0.01
Station03,651,2024-08-21 10:50:00,237.56,0.03,0.03,0.001,50.05,0.05
Station03,652,2024-08-21 10:51:00,230.56,0.04,0.05,0.001,49.68,0.09
Station03,653,2024-08-21 10:52:00,232.57,0.03,0.29,0.003,50.07,0.07
Station03,654,2024-08-21 10:53:00,229.31,0.03,0.08,0.002,50.34,0.04
Station03,655,2024-08-21 10:54:00,228.81,0.04,0.1,0.002,49.87,0.08
Station03,656,2024-08-21 10:55:00,229.09,0.03,0.13,0.001,49.54,0.02
Station03,657,2024-08-21 10:56:00,233.96,0.05,0.07,0.002,49.67,0.08
Station03,658,2024-08-21 10:57:00,223.21,0.02,0.29,0.003,49.68,0.09
Station03,659,2024-08-21 10:58:00,234.29,0.04,0.45,0.002,50.44,0.07
Station03,660,2024-08-21 10:59:00,228.31,0.03,0.27,0.003,49.71,0.09
Station03,661,2024-08-21 11:00:00,230.14,0.03,0.12,0.003,50.18,0.04
Station03,662,2024-08-21 11:01:00,238.53,0.04,0.48,0.001,50.01,0.01
Station03,663,2024-08-21 11:02:00,239.47,0.05,0.12,0.003,49.96,0.07
Station03,664,2024-08-21 11:03:00,239.82,0.02,0.42,0.003,49.67,0.04
Station03,665,2024-08-21 11:04:00,239.7,0.04,0.03,0.002,50.46,0.01
Station03,666,2024-08-21 11:05:00,238.31,0.05,0.2,0.003,50.5,0.09
Station03,667,2024-08-21 11:06:00,220.24,0.04,0.37,0.002,49.51,0.04
Station03,668,2024-08-21 11:07:00,231.1,0.03,0.07,0.002,50.44,0.0
Station03,669,2024-08-21 11:08:00,232.58,0.03,0.01,0.002,50.07,0.07
Station03,670,2024-08-21 11:09:00,225.99,0.03,0.45,0.002,49.55,0.03
Station03,671,2024-08-21 11:10:00,235.4,0.03,0.32,0.003,50.29,0.08
Station03,672,2024-08-21 11:11:00,220.51,0.04,0.34,0.002,49.78,0.09
Station03,673,2024-08-21 11:12:00,237.64,0.05,0.16,0.001,50.42,0.07
Station03,674,2024-08-21 11:13:00,230.96,0.04,0.44,0.002,49.96,0.04
Station03,675,2024-08-21 11:14:00,238.92,0.04,0.28,0.002,49.59,0.05
Station03,676,2024-08-21 11:15:00,223.26,0.05,0.41,0.003,49.75,0.08
Station03,677,2024-08-21 11:16:00,220.74,0.03,0.27,0.002,49.61,0.01
Station03,678,2024-08-21 11:17:00,224.06,0.04,0.16,0.001,50.43,0.05
Station03,679,2024-08-21 11:18:00,236.4,0.04,0.2,0.001,49.83,0.05
Station03,680,2024-08-21 11:19:00,235.51,0.03,0.03,0.003,49.87,0.08
Station03,681,2024-08-21 11:20:00,236.28,0.02,0.04,0.003,49.6,0.0
Station03,682,2024-08-21 11:21:00,231.72,0.05,0.09,0.002,49.86,0.0
Station03,683,2024-08-21 11:22:00,233.02,0.05,0.38,0.001,50.29,0.08
Station03,684,2024-08-21 11:23:00,220.18,0.03,0.16,0.003,50.39,0.03
Station03,685,2024-08-21 11:24:00,227.55,0.05,0.21,0.003,49.95,0.02
Station03,686,2024-08-21 11:25:00,221.58,0.04,0.17,0.002,50.05,0.03
Station03,687,2024-08-21 11:26:00,229.97,0.03,0.47,0.003,50.08,0.07
Station03,688,2024-08-21 11:27:00,236.14,0.04,0.45,0.002,49.56,0.08
Station03,689,2024-08-21 11:28:00,226.95,0.04,0.41,0.002,50.04,0.07
Station03,690,2024-08-21 11:29:00,239.78,0.03,0.05,0.001,50.39,0.09
Station03,691,2024-08-21 11:30:00,223.56,0.04,0.06,0.002,50.41,0.07
Station03,692,2024-08-21 11:31:00,228.96,0.05,0.48,0.003,49.68,0.02
Station03,693,2024-08-21 11:32:00,236.16,0.04,0.08,0.002,50.29,0.03
Station03,694,2024-08-21 11:33:00,233.34,0.03,0.23,0.003,49.76,0.01
Station03,695,2024-08-21 11:34:00,231.86,0.04,0.29,0.002,49.53,0.04
Station03,696,2024-08-21 11:35:00,232.17,0.02,0.27,0.002,49.54,0.03
Station03,697,2024-08-21 11:36:00,237.85,0.03,0.5,0.003,50.17,0.1
Station03,698,2024-08-21 11:37:00,227.94,0.04,0.37,0.001,50.45,0.05
Station03,699,2024-08-21 11:38:00,234.29,0.03,0.03,0.002,50.03,0.09
Station03,700,2024-08-21 11:39:00,225.36,0.04,0.15,0.003,50.36,0.04
Station03,701,2024-08-21 11:40:00,223.32,0.02,0.5,0.002,49.91,0.1
Station03,702,2024-08-21 11:41:00,233.69,0.05,0.33,0.003,50.34,0.09
Station03,703,2024-08-21 11:42:00,237.14,0.02,0.26,0.001,49.84,0.06
Station03,704,2024-08-21 11:43:00,233.55,0.03,0.17,0.001,50.24,0.01
Station03,705,2024-08-21 11:44:00,236.85,0.05,0.1,0.002,50.04,0.05
Station03,706,2024-08-21 11:45:00,234.85,0.03,0.05,0.003,50.22,0.01
Station03,707,2024-08-21 11:46:00,236.77,0.04,0.16,0.003,50.28,0.05
Station03,708,2024-08-21 11:47:00,231.53,0.03,0.26,0.001,50.49,0.08
Station03,709,2024-08-21 11:48:00,221.42,0.04,0.39,0.002,50.26,0.09
Station03,710,2024-08-21 11:49:00,236.34,0.03,0.07,0.002,50.18,0.06
Station03,711,2024-08-21 11:50:00,224.65,0.02,0.43,0.002,50.47,0.08
Station03,712,2024-08-21 11:51:00,224.26,0.02,0.43,0.002,49.69,0.06
Station03,713,2024-08-21 11:52:00,221.81,0.05,0.15,0.002,49.75,0.02
Station03,714,2024-08-21 11:53:00,231.21,0.02,0.08,0.002,50.3,0.04
Station03,715,2024-08-21 11:54:00,236.31,0.04,0.41,0.003,50.16,0.0
Station03,716,2024-08-21 11:55:00,237.59,0.02,0.14,0.003,50.25,0.05
Station03,717,2024-08-21 11:56:00,224.16,0.02,0.17,0.003,50.37,0.06
Station03,718,2024-08-21 11:57:00,238.43,0.03,0.47,0.002,50.33,0.06
Station03,719,2024-08-21 11:58:00,234.88,0.03,0.0,0.002,50.29,0.04
Station03,720,2024-08-21 11:59:00,235.17,0.05,0.12,0.001,49.54,0.07
Station03,721,2024-08-21 12:00:00,227.76,0.03,0.32,0.001,50.08,0.07
Station03,722,2024-08-21 12:01:00,223.95,0.02,0.2,0.002,50.3,0.06
Station03,723,2024-08-21 12:02:00,239.96,0.05,0.11,0.001,49.59,0.06
Station03,724,2024-08-21 12:03:00,227.63,0.03,0.3,0.003,49.55,0.06
Station03,725,2024-08-21 12:04:00,235.24,0.03,0.12,0.002,50.2,0.09
Station03,726,2024-08-21 12:05:00,221.79,0.05,0.26,0.002,50.39,0.1
Station03,727,2024-08-21 12:06:00,233.7,0.04,0.26,0.001,50.14,0.04
Station03,728,2024-08-21 12:07:00,227.82,0.02,0.46,0.001,49.86,0.09
Station03,729,2024-08-21 12:08:00,232.81,0.04,0.05,0.002,50.26,0.09
Station03,730,2024-08-21 12:09:00,224.14,0.02,0.18,0.002,49.69,0.09
Station03,731,2024-08-21 12:10:00,233.55,0.03,0.08,0.003,50.04,0.1
Station03,732,2024-08-21 12:11:00,233.67,0.03,0.25,0.002,50.39,0.03
Station03,733,2024-08-21 12:12:00,221.57,0.02,0.32,0.001,49.71,0.04
Station03,734,2024-08-21 12:13:00,226.81,0.05,0.01,0.003,50.27,0.04
Station03,735,2024-08-21 12:14:00,223.19,0.04,0.32,0.001,50.49,0.08
Station03,736,2024-08-21 12:15:00,236.29,0.04,0.14,0.003,49.57,0.05
Station03,737,2024-08-21 12:16:00,225.16,0.03,0.31,0.003,49.9,0.03
Station03,738,2024-08-21 12:17:00,238.73,0.04,0.35,0.001,49.93,0.06
Station03,739,2024-08-21 12:18:00,221.06,0.04,0.37,0.002,49.98,0.04
Station03,740,2024-08-21 12:19:00,230.27,0.05,0.12,0.002,50.42,0.01
Station03,741,2024-08-21 12:20:00,223.03,0.04,0.02,0.002,50.42,0.01
Station03,742,2024-08-21 12:21:00,234.34,0.04,0.48,0.002,49.82,0.06
Station03,743,2024-08-21 12:22:00,226.09,0.03,0.18,0.002,49.7,0.01
Station03,744,2024-08-21 12:23:00,222.06,0.03,0.42,0.002,50.36,0.03
Station03,745,2024-08-21 12:24:00,239.47,0.04,0.25,0.002,49.95,0.03
Station03,746,2024-08-21 12:25:00,236.2,0.02,0.2,0.002,49.59,0.05
Station03,747,2024-08-21 12:26:00,220.81,0.05,0.12,0.003,50.2,0.04
Station03,748,2024-08-21 12:27:00,239.6,0.03,0.04,0.003,49.62,0.09
Station03,749,2024-08-21 12:28:00,234.09,0.04,0.33,0.002,49.55,0.07
Station03,750,2024-08-21 12:29:00,224.9,0.05,0.37,0.002,50.13,0.0
Station03,751,2024-08-21 12:30:00,224.57,0.04,0.4,0.002,50.39,0.03
Station03,752,2024-08-21 12:31:00,227.91,0.03,0.41,0.002,49.94,0.08
Station03,753,2024-08-21 12:32:00,222.11,0.03,0.42,0.002,49.58,0.01
Station03,754,2024-08-21 12:33:00,232.65,0.04,0.14,0.002,49.88,0.07
Station03,755,2024-08-21 12:34:00,223.51,0.03,0.36,0.002,49.51,0.04
Station03,756,2024-08-21 12:35:00,231.89,0.05,0.5,0.001,49.76,0.03
Station03,757,2024-08-21 12:36:00,226.26,0.04,0.07,0.003,49.5,0.0
Station03,758,2024-08-21 12:37:00,233.63,0.05,0.34,0.003,50.32,0.0
Station03,759,2024-08-21 12:38:00,237.26,0.03,0.08,0.002,50.09,0.06
Station03,760,2024-08-21 12:39:00,235.46,0.03,0.49,0.002,50.2,0.01
Station03,761,2024-08-21 12:40:00,221.14,0.04,0.43,0.002,49.84,0.08
Station03,762,2024-08-21 12:41:00,220.94,0.02,0.04,0.002,49.52,0.07
Station03,763,2024-08-21 12:42:00,226.56,0.02,0.21,0.002,50.18,0.03
Station03,764,2024-08-21 12:43:00,231.36,0.04,0.48,0.002,49.61,0.1
Station03,765,2024-08-21 12:44:00,234.72,0.02,0.45,0.002,49.71,0.09
Station03,766,2024-08-21 12:45:00,220.08,0.05,0.5,0.002,49.94,0.04
Station03,767,2024-08-21 12:46:00,237.92,0.05,0.14,0.003,49.95,0.01
Station03,768,2024-08-21 12:47:00,227.44,0.02,0.49,0.002,50.45,0.01
Station03,769,2024-08-21 12:48:00,234.76,0.04,0.06,0.001,49.92,0.05
Station03,770,2024-08-21 12:49:00,234.96,0.04,0.34,0.002,50.49,0.06
Station03,771,2024-08-21 12:50:00,234.6,0.04,0.22,0.002,50.01,0.03
Station03,772,2024-08-21 12:51:00,231.33,0.04,0.4,0.002,50.18,0.07
Station03,773,2024-08-21 12:52:00,222.82,0.04,0.39,0.001,49.99,0.01
Station03,774,2024-08-21 12:53:00,231.29,0.04,0.07,0.002,49.65,0.03
Station03,775,2024-08-21 12:54:00,237.58,0.04,0.18,0.001,49.68,0.07
Station03,776,2024-08-21 12:55:00,232.19,0.05,0.26,0.002,50.27,0.08
Station03,777,2024-08-21 12:56:00,223.07,0.02,0.25,0.003,50.48,0.04
Station03,778,2024-08-21 12:57:00,233.36,0.04,0.38,0.002,50.34,0.03
Station03,779,2024-08-21 12:58:00,220.59,0.05,0.47,0.002,49.81,0.01
Station03,780,2024-08-21 12:59:00,223.53,0.04,0.35,0.003,49.93,0.01
Station03,781,2024-08-21 13:00:00,233.19,0.02,0.18,0.001,49.85,0.04
Station03,782,2024-08-21 13:01:00,239.65,0.04,0.0,0.002,49.92,0.04
Station03,783,2024-08-21 13:02:00,230.21,0.03,0.28,0.002,50.03,0.1
Station03,784,2024-08-21 13:03:00,225.76,0.02,0.37,0.002,50.13,0.06
Station03,785,2024-08-21 13:04:00,227.2,0.04,0.1,0.003,50.17,0.06
Station03,786,2024-08-21 13:05:00,232.46,0.03,0.19,0.002,50.11,0.01
Station03,787,2024-08-21 13:06:00,230.55,0.05,0.28,0.002,49.74,0.08
Station03,788,2024-08-21 13:07:00,222.14,0.04,0.04,0.002,50.19,0.09
Station03,789,2024-08-21 13:08:00,230.15,0.05,0.07,0.002,49.79,0.08
Station03,790,2024-08-21 13:09:00,220.14,0.04,0.08,0.003,49.63,0.06
Station03,791,2024-08-21 13:10:00,226.77,0.03,0.42,0.002,50.13,0.05
Station03,792,2024-08-21 13:11:00,237.31,0.03,0.06,0.001,49.87,0.03
Station03,793,2024-08-21 13:12:00,222.43,0.05,0.38,0.001,49.86,0.09
Station03,794,2024-08-21 13:13:00,230.77,0.04,0.12,0.002,50.4,0.04
Station03,795,2024-08-21 13:14:00,222.88,0.03,0.44,0.001,49.75,0.1
Station03,796,2024-08-21 13:15:00,225.08,0.04,0.17,0.001,49.8,0.05
Station03,797,2024-08-21 13:16:00,238.04,0.04,0.18,0.002,50.35,0.08
Station03,798,2024-08-21 13:17:00,236.35,0.03,0.34,0.002,50.5,0.02
Station03,799,2024-08-21 13:18:00,236.6,0.03,0.5,0.001,50.17,0.07
Station03,800,2024-08-21 13:19:00,234.3,0.04,0.35,0.002,50.13,0.04
Station03,801,2024-08-21 13:20:00,221.47,0.05,0.18,0.001,50.13,0.04
Station03,802,2024-08-21 13:21:00,236.59,0.03,0.3,0.003,49.74,0.1
Station03,803,2024-08-21 13:22:00,224.74,0.02,0.03,0.001,49.76,0.08
Station03,804,2024-08-21 13:23:00,233.28,0.03,0.03,0.002,49.74,0.06
Station03,805,2024-08-21 13:24:00,233.07,0.03,0.13,0.001,50.15,0.07
Station03,806,2024-08-21 13:25:00,238.31,0.02,0.49,0.002,50.35,0.06
Station03,807,2024-08-21 13:26:00,226.58,0.02,0.17,0.002,50.29,0.02
Station03,808,2024-08-21 13:27:00,231.57,0.05,0.0,0.002,49.63,0.01
Station03,809,2024-08-21 13:28:00,230.18,0.03,0.19,0.003,50.16,0.06
Station03,810,2024-08-21 13:29:00,236.5,0.04,0.29,0.001,50.27,0.08
Station03,811,2024-08-21 13:30:00,233.16,0.04,0.1,0.002,50.29,0.06
Station03,812,2024-08-21 13:31:00,238.37,0.03,0.09,0.002,49.78,0.07
Station03,813,2024-08-21 13:32:00,220.54,0.04,0.07,0.001,49.92,0.05
Station03,814,2024-08-21 13:33:00,221.49,0.03,0.21,0.002,49.54,0.01
Station03,815,2024-08-21 13:34:00,230.85,0.04,0.12,0.002,50.12,0.0
Station03,816,2024-08-21 13:35:00,229.01,0.03,0.19,0.001,49.78,0.08
Station03,817,2024-08-21 13:36:00,227.37,0.02,0.23,0.001,49.6,0.09
Station03,818,2024-08-21 13:37:00,225.24,0.04,0.06,0.002,50.14,0.09
Station03,819,2024-08-21 13:38:00,224.28,0.04,0.08,0.001,49.99,0.08
Station03,820,2024-08-21 13:39:00,234.8,0.04,0.44,0.003,50.3,0.04
Station03,821,2024-08-21 13:40:00,230.69,0.05,0.44,0.001,50.24,0.03
Station03,822,2024-08-21 13:41:00,232.89,0.05,0.16,0.003,50.03,0.05
Station03,823,2024-08-21 13:42:00,236.88,0.03,0.13,0.001,50.15,0.01
Station03,824,2024-08-21 13:43:00,223.97,0.03,0.48,0.003,50.08,0.08
Station03,825,2024-08-21 13:44:00,235.03,0.05,0.22,0.003,49.89,0.07
Station03,826,2024-08-21 13:45:00,225.21,0.04,0.49,0.001,50.26,0.06
Station03,827,2024-08-21 13:46:00,236.79,0.03,0.24,0.001,49.93,0.08
Station03,828,2024-08-21 13:47:00,235.75,0.04,0.12,0.002,50.41,0.08
Station03,829,2024-08-21 13:48:00,236.34,0.03,0.27,0.003,50.45,0.07
Station03,830,2024-08-21 13:49:00,230.33,0.04,0.18,0.003,50.38,0.02
Station03,831,2024-08-21 13:50:00,238.0,0.04,0.05,0.002,50.02,0.1
Station03,832,2024-08-21 13:51:00,239.92,0.05,0.49,0.002,50.26,0.07
Station03,833,2024-08-21 13:52:00,228.95,0.04,0.25,0.002,50.14,0.04
Station03,834,2024-08-21 13:53:00,233.3,0.04,0.03,0.001,49.65,0.0
Station03,835,2024-08-21 13:54:00,221.01,0.02,0.36,0.001,49.81,0.04
Station03,836,2024-08-21 13:55:00,233.61,0.02,0.49,0.002,50.16,0.03
Station03,837,2024-08-21 13:56:00,221.09,0.02,0.2,0.002,50.18,0.03
Station03,838,2024-08-21 13:57:00,239.58,0.03,0.19,0.001,50.47,0.04
Station03,839,2024-08-21 13:58:00,235.15,0.04,0.47,0.003,50.26,0.03
Station03,840,2024-08-21 13:59:00,222.25,0.02,0.37,0.003,49.64,0.06
Station03,841,2024-08-21 14:00:00,236.29,0.03,0.17,0.002,50.14,0.04
Station03,842,2024-08-21 14:01:00,236.61,0.02,0.12,0.002,50.48,0.04
Station03,843,2024-08-21 14:02:00,221.14,0.04,0.02,0.001,50.03,0.02
Station03,844,2024-08-21 14:03:00,220.37,0.03,0.31,0.001,50.35,0.05
Station03,845,2024-08-21 14:04:00,232.51,0.03,0.22,0.003,50.45,0.02
Station03,846,2024-08-21 14:05:00,237.13,0.03,0.31,0.002,50.15,0.05
Station03,847,2024-08-21 14:06:00,233.9,0.03,0.28,0.002,50.37,0.09
Station03,848,2024-08-21 14:07:00,226.74,0.05,0.32,0.002,49.73,0.06
Station03,849,2024-08-21 14:08:00,224.66,0.03,0.28,0.002,49.78,0.05
Station03,850,2024-08-21 14:09:00,223.42,0.03,0.23,0.001,50.12,0.05
Station03,851,2024-08-21 14:10:00,228.72,0.02,0.27,0.001,49.74,0.1
Station03,852,2024-08-21 14:11:00,222.79,0.04,0.07,0.001,49.92,0.08
Station03,853,2024-08-21 14:12:00,233.44,0.04,0.16,0.002,50.0,0.06
Station03,854,2024-08-21 14:13:00,232.53,0.03,0.47,0.003,49.91,0.04
Station03,855,2024-08-21 14:14:00,228.57,0.04,0.31,0.002,50.04,0.01
Station03,856,2024-08-21 14:15:00,232.73,0.03,0.33,0.003,49.73,0.08
Station03,857,2024-08-21 14:16:00,232.6,0.05,0.2,0.002,49.98,0.1
Station03,858,2024-08-21 14:17:00,224.78,0.05,0.46,0.003,49.83,0.03
Station03,859,2024-08-21 14:18:00,234.14,0.03,0.47,0.002,49.78,0.02
Station03,860,2024-08-21 14:19:00,238.89,0.04,0.41,0.002,50.21,0.06
Station03,861,2024-08-21 14:20:00,238.9,0.03,0.11,0.002,50.5,0.02
Station03,862,2024-08-21 14:21:00,225.38,0.02,0.23,0.002,49.99,0.01
Station03,863,2024-08-21 14:22:00,231.57,0.02,0.3,0.002,49.54,0.1
Station03,864,2024-08-21 14:23:00,234.9,0.02,0.34,0.002,49.91,0.03
Station03,865,2024-08-21 14:24:00,227.99,0.05,0.08,0.001,50.05,0.01
Station03,866,2024-08-21 14:25:00,226.29,0.03,0.41,0.002,50.27,0.09
Station03,867,2024-08-21 14:26:00,227.66,0.02,0.06,0.002,50.41,0.09
Station03,868,2024-08-21 14:27:00,226.8,0.02,0.06,0.003,49.64,0.08
Station03,869,2024-08-21 14:28:00,224.96,0.03,0.11,0.003,49.79,0.02
Station03,870,2024-08-21 14:29:00,233.14,0.04,0.06,0.003,50.4,0.02
Station03,871,2024-08-21 14:30:00,230.82,0.03,0.11,0.001,50.07,0.03
Station03,872,2024-08-21 14:31:00,227.51,0.02,0.12,0.002,49.77,0.02
Station03,873,2024-08-21 14:32:00,238.22,0.04,0.12,0.002,50.29,0.02
Station03,874,2024-08-21 14:33:00,234.26,0.04,0.05,0.003,50.19,0.0
Station03,875,2024-08-21 14:34:00,234.76,0.03,0.09,0.001,49.69,0.02
Station03,876,2024-08-21 14:35:00,231.73,0.03,0.26,0.002,50.03,0.05
Station03,877,2024-08-21 14:36:00,230.28,0.03,0.11,0.003,50.26,0.04
Station03,878,2024-08-21 14:37:00,220.32,0.04,0.15,0.001,49.9,0.01
Station03,879,2024-08-21 14:38:00,235.61,0.05,0.1,0.001,50.18,0.07
Station03,880,2024-08-21 14:39:00,239.44,0.03,0.12,0.003,49.8,0.01
Station03,881,2024-08-21 14:40:00,238.53,0.04,0.32,0.002,50.31,0.05
Station03,882,2024-08-21 14:41:00,229.63,0.02,0.04,0.002,49.67,0.01
Station03,883,2024-08-21 14:42:00,229.16,0.02,0.01,0.001,50.1,0.09
Station03,884,2024-08-21 14:43:00,238.82,0.03,0.39,0.003,49.58,0.02
Station03,885,2024-08-21 14:44:00,224.11,0.05,0.07,0.002,49.85,0.08
Station03,886,2024-08-21 14:45:00,222.57,0.05,0.07,0.002,50.23,0.0
Station03,887,2024-08-21 14:46:00,233.4,0.04,0.19,0.003,50.27,0.08
Station03,888,2024-08-21 14:47:00,221.58,0.03,0.03,0.003,50.18,0.04
Station03,889,2024-08-21 14:48:00,230.94,0.05,0.46,0.002,49.92,0.06
Station03,890,2024-08-21 14:49:00,237.62,0.04,0.1,0.003,49.84,0.01
Station03,891,2024-08-21 14:50:00,225.34,0.05,0.08,0.002,49.8,0.08
Station03,892,2024-08-21 14:51:00,229.47,0.05,0.22,0.001,49.87,0.02
Station03,893,2024-08-21 14:52:00,224.81,0.04,0.39,0.002,49.94,0.05
Station03,894,2024-08-21 14:53:00,221.71,0.05,0.22,0.002,49.64,0.0
Station03,895,2024-08-21 14:54:00,239.5,0.05,0.43,0.002,49.85,0.07
Station03,896,2024-08-21 14:55:00,222.89,0.02,0.22,0.003,49.98,0.03
Station03,897,2024-08-21 14:56:00,227.88,0.02,0.4,0.002,49.79,0.06
Station03,898,2024-08-21 14:57:00,235.16,0.05,0.06,0.002,50.28,0.08
Station03,899,2024-08-21 14:58:00,236.78,0.03,0.37,0.002,49.67,0.01
Station03,900,2024-08-21 14:59:00,221.84,0.04,0.47,0.002,49.97,0.02
Station03,901,2024-08-21 15:00:00,227.61,0.04,0.19,0.003,50.49,0.06
Station03,902,2024-08-21 15:01:00,237.67,0.04,0.4,0.003,50.21,0.07
Station03,903,2024-08-21 15:02:00,220.54,0.04,0.43,0.002,50.19,0.08
Station03,904,2024-08-21 15:03:00,227.21,0.05,0.47,0.001,49.81,0.01
Station03,905,2024-08-21 15:04:00,234.93,0.03,0.18,0.002,50.27,0.07
Station03,906,2024-08-21 15:05:00,220.98,0.04,0.26,0.002,49.73,0.09
Station03,907,2024-08-21 15:06:00,226.02,0.04,0.36,0.003,49.68,0.03
Station03,908,2024-08-21 15:07:00,233.57,0.03,0.34,0.002,50.07,0.08
Station03,909,2024-08-21 15:08:00,235.43,0.02,0.05,0.002,49.57,0.02
Station03,910,2024-08-21 15:09:00,228.18,0.03,0.36,0.002,49.58,0.0
Station03,911,2024-08-21 15:10:00,225.94,0.03,0.05,0.003,49.5,0.09
Station03,912,2024-08-21 15:11:00,224.21,0.03,0.25,0.003,49.52,0.06
Station03,913,2024-08-21 15:12:00,231.49,0.03,0.09,0.002,49.64,0.09
Station03,914,2024-08-21 15:13:00,231.29,0.05,0.14,0.003,49.64,0.09
Station03,915,2024-08-21 15:14:00,222.08,0.03,0.17,0.001,50.31,0.05
Station03,916,2024-08-21 15:15:00,229.51,0.03,0.26,0.001,49.56,0.02
Station03,917,2024-08-21 15:16:00,228.62,0.02,0.23,0.003,50.47,0.04
Station03,918,2024-08-21 15:17:00,234.84,0.02,0.15,0.002,49.97,0.01
Station03,919,2024-08-21 15:18:00,230.11,0.04,0.36,0.001,49.52,0.04
Station03,920,2024-08-21 15:19:00,232.03,0.05,0.3,0.003,49.67,0.1
Station03,921,2024-08-21 15:20:00,224.21,0.04,0.01,0.002,50.31,0.05
Station03,922,2024-08-21 15:21:00,233.46,0.04,0.02,0.001,50.2,0.09
Station03,923,2024-08-21 15:22:00,225.77,0.03,0.1,0.003,50.4,0.09
Station03,924,2024-08-21 15:23:00,220.55,0.04,0.06,0.003,50.0,0.08
Station03,925,2024-08-21 15:24:00,233.12,0.03,0.07,0.003,49.86,0.02
Station03,926,2024-08-21 15:25:00,235.77,0.04,0.13,0.003,50.3,0.0
Station03,927,2024-08-21 15:26:00,223.79,0.03,0.14,0.003,49.57,0.09
Station03,928,2024-08-21 15:27:00,228.4,0.04,0.07,0.002,50.3,0.07
Station03,929,2024-08-21 15:28:00,237.8,0.04,0.04,0.001,49.78,0.1
Station03,930,2024-08-21 15:29:00,221.77,0.03,0.1,0.003,50.37,0.04
Station03,931,2024-08-21 15:30:00,238.17,0.04,0.16,0.002,50.11,0.1
Station03,932,2024-08-21 15:31:00,233.0,0.05,0.18,0.002,49.59,0.02
Station03,933,2024-08-21 15:32:00,231.78,0.03,0.35,0.002,49.78,0.07
Station03,934,2024-08-21 15:33:00,233.41,0.04,0.32,0.002,49.74,0.04
Station03,935,2024-08-21 15:34:00,239.18,0.04,0.24,0.003,50.22,0.01
Station03,936,2024-08-21 15:35:00,229.05,0.04,0.35,0.002,49.88,0.08
Station03,937,2024-08-21 15:36:00,229.94,0.04,0.19,0.003,49.86,0.02
Station03,938,2024-08-21 15:37:00,237.78,0.03,0.38,0.002,49.83,0.1
Station03,939,2024-08-21 15:38:00,236.2,0.04,0.33,0.002,49.63,0.09
Station03,940,2024-08-21 15:39:00,226.62,0.04,0.16,0.003,49.57,0.01
Station03,941,2024-08-21 15:40:00,239.29,0.03,0.15,0.003,50.45,0.06
Station03,942,2024-08-21 15:41:00,223.22,0.02,0.15,0.003,50.14,0.04
Station03,943,2024-08-21 15:42:00,227.3,0.02,0.32,0.002,50.02,0.09
Station03,944,2024-08-21 15:43:00,237.82,0.04,0.41,0.002,49.79,0.1
Station03,945,2024-08-21 15:44:00,227.92,0.03,0.09,0.003,50.07,0.08
Station03,946,2024-08-21 15:45:00,235.77,0.05,0.41,0.002,50.17,0.06
Station03,947,2024-08-21 15:46:00,225.83,0.03,0.37,0.002,50.3,0.02
Station03,948,2024-08-21 15:47:00,228.98,0.05,0.05,0.002,50.35,0.08
Station03,949,2024-08-21 15:48:00,236.61,0.04,0.27,0.002,50.28,0.04
Station03,950,2024-08-21 15:49:00,233.1,0.03,0.45,0.002,50.38,0.05
Station03,951,2024-08-21 15:50:00,227.39,0.04,0.22,0.003,49.6,0.01
Station03,952,2024-08-21 15:51:00,226.91,0.02,0.43,0.003,50.09,0.08
Station03,953,2024-08-21 15:52:00,233.28,0.04,0.05,0.001,49.5,0.05
Station03,954,2024-08-21 15:53:00,220.07,0.03,0.45,0.002,50.1,0.04
Station03,955,2024-08-21 15:54:00,222.54,0.02,0.2,0.001,50.18,0.04
Station03,956,2024-08-21 15:55:00,236.8,0.05,0.47,0.001,49.81,0.01
Station03,957,2024-08-21 15:56:00,222.84,0.02,0.39,0.002,50.48,0.01
Station03,958,2024-08-21 15:57:00,225.35,0.05,0.27,0.001,49.81,0.04
Station03,959,2024-08-21 15:58:00,237.31,0.05,0.3,0.001,50.41,0.03
Station03,960,2024-08-21 15:59:00,232.5,0.03,0.46,0.002,49.51,0.08
Station03,961,2024-08-21 16:00:00,221.7,0.02,0.22,0.001,50.46,0.04
Station03,962,2024-08-21 16:01:00,221.44,0.04,0.32,0.002,49.88,0.06
Station03,963,2024-08-21 16:02:00,226.83,0.03,0.03,0.001,49.92,0.03
Station03,964,2024-08-21 16:03:00,226.78,0.03,0.41,0.001,49.7,0.04
Station03,965,2024-08-21 16:04:00,231.98,0.04,0.26,0.003,50.14,0.08
Station03,966,2024-08-21 16:05:00,235.44,0.02,0.0,0.001,50.04,0.09
Station03,967,2024-08-21 16:06:00,239.55,0.04,0.11,0.003,49.89,0.06
Station03,968,2024-08-21 16:07:00,238.2,0.05,0.34,0.002,49.53,0.07
Station03,969,2024-08-21 16:08:00,231.19,0.03,0.13,0.003,50.14,0.03
Station03,970,2024-08-21 16:09:00,225.77,0.03,0.37,0.002,50.43,0.07
Station03,971,2024-08-21 16:10:00,237.07,0.03,0.12,0.001,49.75,0.01
Station03,972,2024-08-21 16:11:00,233.88,0.03,0.19,0.001,49.66,0.05
Station03,973,2024-08-21 16:12:00,235.54,0.02,0.38,0.002,49.94,0.09
Station03,974,2024-08-21 16:13:00,222.0,0.05,0.19,0.002,49.61,0.06
Station03,975,2024-08-21 16:14:00,223.17,0.03,0.28,0.002,49.66,0.06
Station03,976,2024-08-21 16:15:00,228.0,0.02,0.18,0.002,50.12,0.03
Station03,977,2024-08-21 16:16:00,233.14,0.04,0.07,0.003,50.15,0.01
Station03,978,2024-08-21 16:17:00,237.95,0.03,0.28,0.002,49.86,0.1
Station03,979,2024-08-21 16:18:00,240.0,0.05,0.21,0.002,50.31,0.01
Station03,980,2024-08-21 16:19:00,236.82,0.04,0.03,0.001,50.36,0.09
Station03,981,2024-08-21 16:20:00,234.58,0.04,0.35,0.002,49.98,0.02
Station03,982,2024-08-21 16:21:00,231.37,0.03,0.02,0.003,49.64,0.04
Station03,983,2024-08-21 16:22:00,225.04,0.03,0.5,0.002,49.61,0.09
Station03,984,2024-08-21 16:23:00,230.42,0.04,0.31,0.003,50.46,0.08
Station03,985,2024-08-21 16:24:00,223.69,0.04,0.32,0.002,50.37,0.06
Station03,986,2024-08-21 16:25:00,236.03,0.05,0.06,0.001,50.18,0.09
Station03,987,2024-08-21 16:26:00,231.18,0.05,0.37,0.003,49.69,0.1
Station03,988,2024-08-21 16:27:00,233.07,0.05,0.41,0.002,50.39,0.05
Station03,989,2024-08-21 16:28:00,226.98,0.02,0.43,0.002,49.65,0.02
Station03,990,2024-08-21 16:29:00,225.51,0.03,0.45,0.001,50.24,0.1
Station03,991,2024-08-21 16:30:00,223.77,0.04,0.04,0.003,49.52,0.04
Station03,992,2024-08-21 16:31:00,239.05,0.03,0.49,0.002,50.08,0.09
Station03,993,2024-08-21 16:32:00,238.2,0.02,0.02,0.003,50.43,0.09
Station03,994,2024-08-21 16:33:00,237.64,0.04,0.22,0.002,50.12,0.1
Station03,995,2024-08-21 16:34:00,232.56,0.05,0.43,0.002,50.37,0.01
Station03,996,2024-08-21 16:35:00,221.31,0.05,0.1,0.001,50.26,0.08
Station03,997,2024-08-21 16:36:00,238.72,0.03,0.48,0.002,50.32,0.03
Station03,998,2024-08-21 16:37:00,220.1,0.03,0.3,0.001,49.85,0.07
Station03,999,2024-08-21 16:38:00,223.59,0.03,0.01,0.002,49.99,0.1
Station03,1000,2024-08-21 16:39:00,228.29,0.03,0.39,0.002,49.92,0.08
Station03,1001,2024-08-21 16:40:00,233.72,0.03,0.02,0.002,50.23,0.07
Station03,1002,2024-08-21 16:41:00,224.33,0.03,0.01,0.002,49.5,0.04
Station03,1003,2024-08-21 16:42:00,231.33,0.02,0.25,0.003,49.69,0.07
Station03,1004,2024-08-21 16:43:00,231.57,0.05,0.27,0.001,49.91,0.04
Station03,1005,2024-08-21 16:44:00,239.02,0.03,0.41,0.002,49.97,0.0
Station03,1006,2024-08-21 16:45:00,233.39,0.04,0.31,0.001,50.48,0.05
Station03,1007,2024-08-21 16:46:00,232.43,0.05,0.12,0.001,49.53,0.07
Station03,1008,2024-08-21 16:47:00,234.48,0.03,0.25,0.001,50.09,0.09
Station03,1009,2024-08-21 16:48:00,224.88,0.04,0.49,0.003,50.29,0.07
Station03,1010,2024-08-21 16:49:00,228.32,0.02,0.33,0.002,50.26,0.02
Station03,1011,2024-08-21 16:50:00,227.91,0.03,0.2,0.001,49.53,0.1
Station03,1012,2024-08-21 16:51:00,228.31,0.03,0.33,0.002,49.98,0.05
Station03,1013,2024-08-21 16:52:00,220.82,0.03,0.31,0.002,49.53,0.05
Station03,1014,2024-08-21 16:53:00,233.29,0.04,0.21,0.002,50.47,0.1
Station03,1015,2024-08-21 16:54:00,235.63,0.04,0.14,0.001,50.06,0.08
Station03,1016,2024-08-21 16:55:00,235.83,0.03,0.04,0.001,49.71,0.01
Station03,1017,2024-08-21 16:56:00,231.78,0.04,0.29,0.003,49.87,0.04
Station03,1018,2024-08-21 16:57:00,232.28,0.05,0.17,0.002,49.53,0.08
Station03,1019,2024-08-21 16:58:00,226.79,0.04,0.26,0.003,50.35,0.07
Station03,1020,2024-08-21 16:59:00,221.53,0.05,0.18,0.003,50.13,0.09
Station03,1021,2024-08-21 17:00:00,224.41,0.03,0.07,0.003,50.18,0.07
Station03,1022,2024-08-21 17:01:00,233.6,0.04,0.34,0.002,50.33,0.01
Station03,1023,2024-08-21 17:02:00,235.73,0.03,0.26,0.003,50.36,0.07
Station03,1024,2024-08-21 17:03:00,228.03,0.04,0.49,0.002,50.43,0.05
Station03,1025,2024-08-21 17:04:00,224.42,0.02,0.07,0.002,50.08,0.02
Station03,1026,2024-08-21 17:05:00,224.4,0.03,0.12,0.003,50.11,0.04
Station03,1027,2024-08-21 17:06:00,235.62,0.03,0.3,0.001,49.95,0.03
Station03,1028,2024-08-21 17:07:00,224.57,0.04,0.01,0.001,49.62,0.07
Station03,1029,2024-08-21 17:08:00,239.99,0.03,0.04,0.002,50.15,0.08
Station03,1030,2024-08-21 17:09:00,234.28,0.03,0.47,0.002,50.19,0.03
Station03,1031,2024-08-21 17:10:00,231.84,0.03,0.27,0.002,50.1,0.06
Station03,1032,2024-08-21 17:11:00,223.1,0.03,0.09,0.003,50.39,0.03
Station03,1033,2024-08-21 17:12:00,238.61,0.04,0.21,0.002,49.55,0.07
Station03,1034,2024-08-21 17:13:00,227.43,0.03,0.18,0.002,49.96,0.06
Station03,1035,2024-08-21 17:14:00,226.5,0.04,0.19,0.001,49.53,0.04
Station03,1036,2024-08-21 17:15:00,220.37,0.05,0.49,0.001,49.62,0.09
Station03,1037,2024-08-21 17:16:00,221.08,0.04,0.23,0.002,50.39,0.0
Station03,1038,2024-08-21 17:17:00,229.18,0.03,0.42,0.002,50.0,0.08
Station03,1039,2024-08-21 17:18:00,239.45,0.03,0.04,0.001,50.21,0.05
Station03,1040,2024-08-21 17:19:00,230.2,0.04,0.23,0.002,49.6,0.03
Station03,1041,2024-08-21 17:20:00,231.31,0.03,0.24,0.001,50.04,0.03
Station03,1042,2024-08-21 17:21:00,236.12,0.05,0.26,0.001,49.63,0.08
Station03,1043,2024-08-21 17:22:00,220.81,0.02,0.22,0.002,49.95,0.0
Station03,1044,2024-08-21 17:23:00,234.9,0.04,0.14,0.002,49.68,0.04
Station03,1045,2024-08-21 17:24:00,230.19,0.04,0.23,0.002,49.52,0.02
Station03,1046,2024-08-21 17:25:00,227.58,0.04,0.1,0.003,50.23,0.08
Station03,1047,2024-08-21 17:26:00,226.05,0.04,0.23,0.001,50.32,0.09
Station03,1048,2024-08-21 17:27:00,232.19,0.04,0.06,0.002,50.08,0.01
Station03,1049,2024-08-21 17:28:00,237.31,0.04,0.24,0.003,49.58,0.01
Station03,1050,2024-08-21 17:29:00,239.43,0.05,0.41,0.002,49.71,0.0
Station03,1051,2024-08-21 17:30:00,238.88,0.04,0.45,0.002,49.77,0.05
Station03,1052,2024-08-21 17:31:00,228.52,0.05,0.24,0.002,50.42,0.02
Station03,1053,2024-08-21 17:32:00,223.85,0.05,0.06,0.002,49.77,0.04
Station03,1054,2024-08-21 17:33:00,235.61,0.04,0.14,0.002,49.6,0.02
Station03,1055,2024-08-21 17:34:00,236.93,0.04,0.05,0.002,50.39,0.03
Station03,1056,2024-08-21 17:35:00,234.33,0.03,0.32,0.001,49.82,0.05
Station03,1057,2024-08-21 17:36:00,221.2,0.04,0.1,0.003,50.0,0.06
Station03,1058,2024-08-21 17:37:00,226.43,0.04,0.32,0.002,49.82,0.09
Station03,1059,2024-08-21 17:38:00,238.04,0.04,0.1,0.001,49.88,0.08
Station03,1060,2024-08-21 17:39:00,226.15,0.05,0.19,0.001,50.35,0.05
Station03,1061,2024-08-21 17:40:00,234.65,0.04,0.17,0.002,49.99,0.01
Station03,1062,2024-08-21 17:41:00,226.71,0.03,0.13,0.002,49.61,0.03
Station03,1063,2024-08-21 17:42:00,234.43,0.03,0.08,0.002,50.32,0.1
Station03,1064,2024-08-21 17:43:00,221.21,0.02,0.44,0.002,50.07,0.1
Station03,1065,2024-08-21 17:44:00,221.19,0.03,0.43,0.001,50.25,0.01
Station03,1066,2024-08-21 17:45:00,227.9,0.03,0.07,0.003,49.9,0.08
Station03,1067,2024-08-21 17:46:00,222.13,0.03,0.07,0.001,49.66,0.02
Station03,1068,2024-08-21 17:47:00,237.08,0.04,0.06,0.003,49.77,0.05
Station03,1069,2024-08-21 17:48:00,239.17,0.03,0.4,0.002,49.95,0.08
Station03,1070,2024-08-21 17:49:00,233.21,0.04,0.49,0.001,50.17,0.03
Station03,1071,2024-08-21 17:50:00,233.97,0.02,0.14,0.001,49.91,0.03
Station03,1072,2024-08-21 17:51:00,221.78,0.03,0.45,0.003,49.63,0.02
Station03,1073,2024-08-21 17:52:00,220.69,0.05,0.15,0.003,49.73,0.01
Station03,1074,2024-08-21 17:53:00,233.35,0.04,0.18,0.001,49.67,0.02
Station03,1075,2024-08-21 17:54:00,224.79,0.04,0.23,0.002,49.71,0.04
Station03,1076,2024-08-21 17:55:00,226.47,0.04,0.08,0.001,50.32,0.04
Station03,1077,2024-08-21 17:56:00,228.55,0.03,0.1,0.002,50.14,0.04
Station03,1078,2024-08-21 17:57:00,239.18,0.04,0.28,0.002,49.86,0.02
Station03,1079,2024-08-21 17:58:00,230.76,0.04,0.39,0.002,50.42,0.01
Station03,1080,2024-08-21 17:59:00,237.93,0.04,0.4,0.002,50.03,0.06
Station03,1081,2024-08-21 18:00:00,222.7,0.04,0.19,0.002,50.13,0.09
Station03,1082,2024-08-21 18:01:00,221.67,0.04,0.42,0.002,49.66,0.1
Station03,1083,2024-08-21 18:02:00,230.49,0.02,0.28,0.001,49.71,0.1
Station03,1084,2024-08-21 18:03:00,223.15,0.04,0.26,0.003,50.19,0.09
Station03,1085,2024-08-21 18:04:00,236.46,0.03,0.24,0.003,50.44,0.07
Station03,1086,2024-08-21 18:05:00,236.43,0.04,0.11,0.002,50.44,0.08
Station03,1087,2024-08-21 18:06:00,223.99,0.04,0.39,0.002,50.16,0.08
Station03,1088,2024-08-21 18:07:00,231.4,0.02,0.11,0.002,50.24,0.07
Station03,1089,2024-08-21 18:08:00,238.99,0.05,0.39,0.002,49.61,0.09
Station03,1090,2024-08-21 18:09:00,230.28,0.04,0.45,0.001,50.0,0.01
Station03,1091,2024-08-21 18:10:00,233.54,0.03,0.46,0.002,50.08,0.03
Station03,1092,2024-08-21 18:11:00,223.27,0.03,0.11,0.002,49.79,0.02
Station03,1093,2024-08-21 18:12:00,224.43,0.03,0.18,0.002,49.56,0.01
Station03,1094,2024-08-21 18:13:00,226.41,0.04,0.41,0.001,50.1,0.01
Station03,1095,2024-08-21 18:14:00,233.12,0.03,0.25,0.003,49.89,0.07
Station03,1096,2024-08-21 18:15:00,223.93,0.05,0.01,0.002,49.96,0.04
Station03,1097,2024-08-21 18:16:00,221.08,0.02,0.45,0.002,50.01,0.02
Station03,1098,2024-08-21 18:17:00,233.0,0.02,0.44,0.002,49.82,0.09
Station03,1099,2024-08-21 18:18:00,230.22,0.03,0.31,0.002,49.85,0.01
Station03,1100,2024-08-21 18:19:00,227.01,0.05,0.32,0.002,49.83,0.08
Station03,1101,2024-08-21 18:20:00,221.15,0.02,0.22,0.002,49.95,0.06
Station03,1102,2024-08-21 18:21:00,235.77,0.03,0.41,0.003,49.51,0.06
Station03,1103,2024-08-21 18:22:00,229.79,0.05,0.18,0.001,50.4,0.01
Station03,1104,2024-08-21 18:23:00,225.63,0.03,0.33,0.001,49.64,0.07
Station03,1105,2024-08-21 18:24:00,229.2,0.02,0.06,0.002,49.73,0.08
Station03,1106,2024-08-21 18:25:00,236.09,0.04,0.47,0.002,50.19,0.0
Station03,1107,2024-08-21 18:26:00,221.45,0.05,0.16,0.002,50.45,0.09
Station03,1108,2024-08-21 18:27:00,234.1,0.03,0.37,0.002,49.84,0.09
Station03,1109,2024-08-21 18:28:00,238.52,0.04,0.06,0.002,50.38,0.06
Station03,1110,2024-08-21 18:29:00,230.2,0.04,0.49,0.001,49.61,0.09
Station03,1111,2024-08-21 18:30:00,225.3,0.04,0.19,0.003,50.22,0.09
Station03,1112,2024-08-21 18:31:00,232.94,0.04,0.33,0.002,49.85,0.04
Station03,1113,2024-08-21 18:32:00,226.03,0.02,0.41,0.003,50.45,0.06
Station03,1114,2024-08-21 18:33:00,223.49,0.04,0.26,0.001,49.91,0.02
Station03,1115,2024-08-21 18:34:00,222.56,0.02,0.07,0.002,50.11,0.06
Station03,1116,2024-08-21 18:35:00,235.25,0.05,0.43,0.002,50.28,0.02
Station03,1117,2024-08-21 18:36:00,224.43,0.02,0.15,0.002,50.26,0.09
Station03,1118,2024-08-21 18:37:00,223.55,0.02,0.25,0.002,50.35,0.05
Station03,1119,2024-08-21 18:38:00,227.14,0.05,0.13,0.002,50.31,0.09
Station03,1120,2024-08-21 18:39:00,224.62,0.04,0.19,0.001,49.89,0.09
Station03,1121,2024-08-21 18:40:00,230.28,0.03,0.34,0.002,50.01,0.08
Station03,1122,2024-08-21 18:41:00,235.79,0.04,0.45,0.002,50.47,0.0
Station03,1123,2024-08-21 18:42:00,220.17,0.03,0.42,0.001,49.9,0.07
Station03,1124,2024-08-21 18:43:00,227.16,0.05,0.06,0.002,50.38,0.02
Station03,1125,2024-08-21 18:44:00,221.76,0.02,0.3,0.003,49.92,0.05
Station03,1126,2024-08-21 18:45:00,229.59,0.05,0.12,0.001,50.0,0.04
Station03,1127,2024-08-21 18:46:00,230.11,0.02,0.41,0.003,49.92,0.06
Station03,1128,2024-08-21 18:47:00,237.29,0.03,0.09,0.001,49.76,0.07
Station03,1129,2024-08-21 18:48:00,236.32,0.05,0.33,0.002,49.78,0.0
Station03,1130,2024-08-21 18:49:00,223.64,0.04,0.3,0.001,50.32,0.07
Station03,1131,2024-08-21 18:50:00,221.3,0.03,0.1,0.002,49.63,0.03
Station03,1132,2024-08-21 18:51:00,233.15,0.03,0.41,0.003,50.27,0.07
Station03,1133,2024-08-21 18:52:00,235.46,0.03,0.43,0.001,50.01,0.06
Station03,1134,2024-08-21 18:53:00,230.16,0.03,0.42,0.001,49.59,0.07
Station03,1135,2024-08-21 18:54:00,238.48,0.04,0.29,0.001,49.72,0.04
Station03,1136,2024-08-21 18:55:00,228.54,0.04,0.3,0.002,49.72,0.07
Station03,1137,2024-08-21 18:56:00,229.89,0.03,0.03,0.001,50.12,0.0
Station03,1138,2024-08-21 18:57:00,223.8,0.03,0.02,0.002,50.26,0.01
Station03,1139,2024-08-21 18:58:00,229.21,0.04,0.16,0.002,50.4,0.09
Station03,1140,2024-08-21 18:59:00,231.87,0.03,0.22,0.002,49.55,0.03
Station03,1141,2024-08-21 19:00:00,237.81,0.05,0.24,0.003,49.69,0.04
Station03,1142,2024-08-21 19:01:00,228.47,0.04,0.25,0.003,50.24,0.1
Station03,1143,2024-08-21 19:02:00,221.07,0.05,0.11,0.001,49.88,0.09
Station03,1144,2024-08-21 19:03:00,230.28,0.02,0.26,0.002,50.22,0.09
Station03,1145,2024-08-21 19:04:00,230.53,0.03,0.2,0.002,49.64,0.1
Station03,1146,2024-08-21 19:05:00,235.68,0.03,0.29,0.001,49.76,0.04
Station03,1147,2024-08-21 19:06:00,230.45,0.02,0.25,0.002,49.92,0.01
Station03,1148,2024-08-21 19:07:00,232.14,0.03,0.17,0.002,49.96,0.03
Station03,1149,2024-08-21 19:08:00,232.75,0.03,0.19,0.002,49.8,0.01
Station03,1150,2024-08-21 19:09:00,226.75,0.04,0.35,0.002,49.79,0.06
Station03,1151,2024-08-21 19:10:00,227.64,0.03,0.16,0.002,50.12,0.1
Station03,1152,2024-08-21 19:11:00,229.65,0.03,0.47,0.002,50.07,0.1
Station03,1153,2024-08-21 19:12:00,234.72,0.04,0.14,0.003,49.6,0.08
Station03,1154,2024-08-21 19:13:00,226.56,0.02,0.32,0.002,49.97,0.01
Station03,1155,2024-08-21 19:14:00,232.93,0.03,0.36,0.002,50.47,0.09
Station03,1156,2024-08-21 19:15:00,224.45,0.05,0.45,0.001,49.6,0.02
Station03,1157,2024-08-21 19:16:00,234.98,0.02,0.33,0.001,50.07,0.06
Station03,1158,2024-08-21 19:17:00,237.29,0.05,0.24,0.003,49.93,0.08
Station03,1159,2024-08-21 19:18:00,221.46,0.03,0.48,0.002,49.57,0.05
Station03,1160,2024-08-21 19:19:00,231.41,0.03,0.29,0.002,50.06,0.01
Station03,1161,2024-08-21 19:20:00,238.67,0.03,0.17,0.002,50.2,0.02
Station03,1162,2024-08-21 19:21:00,228.79,0.02,0.48,0.001,49.7,0.09
Station03,1163,2024-08-21 19:22:00,238.69,0.05,0.23,0.003,50.43,0.09
Station03,1164,2024-08-21 19:23:00,227.78,0.03,0.19,0.003,49.95,0.08
Station03,1165,2024-08-21 19:24:00,237.56,0.04,0.4,0.002,49.93,0.08
Station03,1166,2024-08-21 19:25:00,227.49,0.04,0.14,0.001,50.15,0.01
Station03,1167,2024-08-21 19:26:00,239.59,0.03,0.08,0.002,50.37,0.01
Station03,1168,2024-08-21 19:27:00,227.14,0.03,0.16,0.001,50.07,0.08
Station03,1169,2024-08-21 19:28:00,220.51,0.03,0.47,0.002,49.58,0.03
Station03,1170,2024-08-21 19:29:00,223.32,0.04,0.13,0.001,50.33,0.08
Station03,1171,2024-08-21 19:30:00,225.85,0.03,0.04,0.002,50.19,0.07
Station03,1172,2024-08-21 19:31:00,225.57,0.03,0.23,0.003,49.84,0.09
Station03,1173,2024-08-21 19:32:00,225.46,0.02,0.36,0.002,49.9,0.01
Station03,1174,2024-08-21 19:33:00,223.94,0.03,0.27,0.002,49.83,0.06
Station03,1175,2024-08-21 19:34:00,238.74,0.02,0.43,0.001,49.86,0.01
Station03,1176,2024-08-21 19:35:00,237.34,0.04,0.23,0.002,50.09,0.1
Station03,1177,2024-08-21 19:36:00,232.69,0.04,0.26,0.003,50.18,0.05
Station03,1178,2024-08-21 19:37:00,227.7,0.03,0.23,0.001,49.6,0.08
Station03,1179,2024-08-21 19:38:00,228.59,0.03,0.22,0.003,50.34,0.02
Station03,1180,2024-08-21 19:39:00,223.79,0.03,0.04,0.002,50.17,0.0
Station03,1181,2024-08-21 19:40:00,222.09,0.04,0.32,0.003,50.36,0.03
Station03,1182,2024-08-21 19:41:00,238.96,0.02,0.37,0.003,49.94,0.09
Station03,1183,2024-08-21 19:42:00,238.34,0.04,0.28,0.002,50.14,0.1
Station03,1184,2024-08-21 19:43:00,220.19,0.04,0.17,0.002,49.82,0.0
Station03,1185,2024-08-21 19:44:00,227.83,0.04,0.16,0.002,50.48,0.04
Station03,1186,2024-08-21 19:45:00,237.62,0.04,0.38,0.002,50.44,0.08
Station03,1187,2024-08-21 19:46:00,238.28,0.03,0.02,0.002,50.07,0.1
Station03,1188,2024-08-21 19:47:00,231.19,0.03,0.07,0.002,49.85,0.07
Station03,1189,2024-08-21 19:48:00,229.01,0.02,0.46,0.003,50.03,0.07
Station03,1190,2024-08-21 19:49:00,235.0,0.03,0.34,0.002,49.59,0.04
Station03,1191,2024-08-21 19:50:00,232.33,0.03,0.25,0.001,49.61,0.01
Station03,1192,2024-08-21 19:51:00,229.22,0.04,0.24,0.002,49.58,0.07
Station03,1193,2024-08-21 19:52:00,223.09,0.05,0.01,0.001,49.57,0.04
Station03,1194,2024-08-21 19:53:00,235.27,0.03,0.37,0.002,50.01,0.07
Station03,1195,2024-08-21 19:54:00,233.93,0.05,0.19,0.001,49.72,0.04
Station03,1196,2024-08-21 19:55:00,239.74,0.03,0.09,0.003,49.56,0.09
Station03,1197,2024-08-21 19:56:00,230.14,0.03,0.3,0.002,50.47,0.05
Station03,1198,2024-08-21 19:57:00,237.29,0.03,0.3,0.001,50.36,0.09
Station03,1199,2024-08-21 19:58:00,230.71,0.05,0.1,0.002,49.64,0.03
Station03,1200,2024-08-21 19:59:00,237.86,0.05,0.01,0.001,50.26,0.07
Station03,1201,2024-08-21 20:00:00,232.89,0.04,0.06,0.003,50.16,0.03
Station03,1202,2024-08-21 20:01:00,234.51,0.02,0.17,0.001,49.76,0.08
Station03,1203,2024-08-21 20:02:00,228.12,0.03,0.19,0.001,50.45,0.06
Station03,1204,2024-08-21 20:03:00,223.94,0.02,0.1,0.002,50.06,0.01
Station03,1205,2024-08-21 20:04:00,223.39,0.03,0.26,0.003,49.97,0.07
Station03,1206,2024-08-21 20:05:00,233.82,0.05,0.1,0.001,50.28,0.02
Station03,1207,2024-08-21 20:06:00,227.35,0.02,0.49,0.002,50.08,0.04
Station03,1208,2024-08-21 20:07:00,233.78,0.04,0.13,0.001,50.45,0.0
Station03,1209,2024-08-21 20:08:00,234.04,0.03,0.42,0.002,50.46,0.05
Station03,1210,2024-08-21 20:09:00,229.7,0.05,0.37,0.002,50.14,0.02
Station03,1211,2024-08-21 20:10:00,226.12,0.05,0.36,0.002,49.91,0.01
Station03,1212,2024-08-21 20:11:00,238.21,0.04,0.23,0.001,50.16,0.07
Station03,1213,2024-08-21 20:12:00,232.53,0.02,0.26,0.001,49.73,0.01
Station03,1214,2024-08-21 20:13:00,237.5,0.03,0.29,0.002,49.73,0.05
Station03,1215,2024-08-21 20:14:00,236.48,0.02,0.08,0.002,50.24,0.0
Station03,1216,2024-08-21 20:15:00,227.64,0.03,0.27,0.001,50.27,0.0
Station03,1217,2024-08-21 20:16:00,238.44,0.04,0.11,0.002,50.0,0.07
Station03,1218,2024-08-21 20:17:00,221.3,0.03,0.19,0.002,50.1,0.05
Station03,1219,2024-08-21 20:18:00,232.43,0.03,0.48,0.001,49.63,0.0
Station03,1220,2024-08-21 20:19:00,233.08,0.05,0.46,0.002,50.0,0.06
Station03,1221,2024-08-21 20:20:00,221.62,0.03,0.41,0.002,49.65,0.09
Station03,1222,2024-08-21 20:21:00,239.62,0.05,0.25,0.002,50.34,0.04
Station03,1223,2024-08-21 20:22:00,222.74,0.03,0.06,0.002,49.54,0.1
Station03,1224,2024-08-21 20:23:00,234.71,0.03,0.32,0.002,49.87,0.06
Station03,1225,2024-08-21 20:24:00,238.55,0.03,0.12,0.002,50.38,0.09
Station03,1226,2024-08-21 20:25:00,234.55,0.04,0.3,0.003,50.08,0.02
Station03,1227,2024-08-21 20:26:00,229.43,0.05,0.13,0.003,50.29,0.06
Station03,1228,2024-08-21 20:27:00,233.86,0.03,0.12,0.003,49.56,0.0
Station03,1229,2024-08-21 20:28:00,230.65,0.03,0.47,0.002,50.19,0.05
Station03,1230,2024-08-21 20:29:00,239.93,0.02,0.35,0.002,49.86,0.07
Station03,1231,2024-08-21 20:30:00,231.49,0.02,0.08,0.002,49.59,0.01
Station03,1232,2024-08-21 20:31:00,221.97,0.03,0.46,0.002,49.98,0.05
Station03,1233,2024-08-21 20:32:00,233.6,0.05,0.12,0.001,49.83,0.05
Station03,1234,2024-08-21 20:33:00,232.83,0.04,0.12,0.001,50.32,0.04
Station03,1235,2024-08-21 20:34:00,227.13,0.02,0.21,0.002,49.89,0.08
Station03,1236,2024-08-21 20:35:00,229.59,0.04,0.29,0.001,50.23,0.02
Station03,1237,2024-08-21 20:36:00,231.41,0.03,0.06,0.001,50.05,0.08
Station03,1238,2024-08-21 20:37:00,237.66,0.03,0.31,0.002,50.24,0.04
Station03,1239,2024-08-21 20:38:00,220.67,0.03,0.21,0.002,50.01,0.02
Station03,1240,2024-08-21 20:39:00,220.27,0.03,0.1,0.002,49.94,0.05
Station03,1241,2024-08-21 20:40:00,226.29,0.04,0.14,0.001,50.29,0.04
Station03,1242,2024-08-21 20:41:00,239.23,0.05,0.49,0.003,50.12,0.02
Station03,1243,2024-08-21 20:42:00,231.45,0.02,0.49,0.001,49.63,0.0
Station03,1244,2024-08-21 20:43:00,226.52,0.04,0.21,0.002,50.32,0.09
Station03,1245,2024-08-21 20:44:00,220.8,0.02,0.37,0.002,50.24,0.09
Station03,1246,2024-08-21 20:45:00,235.86,0.03,0.25,0.003,49.55,0.03
Station03,1247,2024-08-21 20:46:00,226.65,0.03,0.3,0.003,49.6,0.05
Station03,1248,2024-08-21 20:47:00,239.09,0.02,0.01,0.002,49.87,0.09
Station03,1249,2024-08-21 20:48:00,223.1,0.04,0.48,0.002,49.84,0.07
Station03,1250,2024-08-21 20:49:00,238.66,0.05,0.11,0.002,49.89,0.04
Station03,1251,2024-08-21 20:50:00,239.99,0.04,0.04,0.001,50.48,0.05
Station03,1252,2024-08-21 20:51:00,233.83,0.04,0.42,0.003,50.26,0.05
Station03,1253,2024-08-21 20:52:00,221.56,0.03,0.14,0.003,50.09,0.08
Station03,1254,2024-08-21 20:53:00,229.37,0.02,0.05,0.002,49.76,0.03
Station03,1255,2024-08-21 20:54:00,227.52,0.04,0.31,0.002,50.48,0.03
Station03,1256,2024-08-21 20:55:00,225.9,0.04,0.06,0.001,50.47,0.01
Station03,1257,2024-08-21 20:56:00,225.63,0.03,0.18,0.002,50.2,0.07
Station03,1258,2024-08-21 20:57:00,227.88,0.02,0.3,0.002,49.64,0.09
Station03,1259,2024-08-21 20:58:00,226.47,0.05,0.4,0.001,50.12,0.02
Station03,1260,2024-08-21 20:59:00,222.47,0.05,0.04,0.001,49.85,0.04
Station03,1261,2024-08-21 21:00:00,226.42,0.03,0.19,0.001,50.39,0.06
Station03,1262,2024-08-21 21:01:00,231.14,0.03,0.25,0.002,49.51,0.07
Station03,1263,2024-08-21 21:02:00,239.8,0.04,0.34,0.002,49.91,0.07
Station03,1264,2024-08-21 21:03:00,224.07,0.03,0.41,0.003,50.4,0.03
Station03,1265,2024-08-21 21:04:00,234.92,0.02,0.03,0.001,50.23,0.04
Station03,1266,2024-08-21 21:05:00,223.61,0.04,0.48,0.002,49.8,0.07
Station03,1267,2024-08-21 21:06:00,235.77,0.04,0.39,0.002,49.54,0.04
Station03,1268,2024-08-21 21:07:00,224.34,0.02,0.35,0.002,49.83,0.02
Station03,1269,2024-08-21 21:08:00,235.0,0.04,0.07,0.002,49.99,0.06
Station03,1270,2024-08-21 21:09:00,237.76,0.03,0.1,0.002,50.48,0.07
Station03,1271,2024-08-21 21:10:00,237.74,0.04,0.34,0.001,50.01,0.05
Station03,1272,2024-08-21 21:11:00,220.08,0.04,0.11,0.002,49.94,0.02
Station03,1273,2024-08-21 21:12:00,224.87,0.03,0.31,0.002,50.35,0.09
Station03,1274,2024-08-21 21:13:00,235.29,0.04,0.06,0.002,49.67,0.09
Station03,1275,2024-08-21 21:14:00,228.56,0.05,0.18,0.003,49.75,0.02
Station03,1276,2024-08-21 21:15:00,227.71,0.05,0.27,0.002,50.27,0.05
Station03,1277,2024-08-21 21:16:00,233.3,0.04,0.49,0.002,49.57,0.08
Station03,1278,2024-08-21 21:17:00,233.43,0.05,0.46,0.003,50.14,0.07
Station03,1279,2024-08-21 21:18:00,229.82,0.02,0.29,0.002,50.4,0.06
Station03,1280,2024-08-21 21:19:00,229.23,0.05,0.1,0.001,50.13,0.05
Station03,1281,2024-08-21 21:20:00,236.47,0.03,0.22,0.002,49.95,0.05
Station03,1282,2024-08-21 21:21:00,231.26,0.03,0.32,0.002,49.63,0.02
Station03,1283,2024-08-21 21:22:00,228.24,0.04,0.16,0.003,50.37,0.05
Station03,1284,2024-08-21 21:23:00,239.73,0.02,0.39,0.002,49.82,0.03
Station03,1285,2024-08-21 21:24:00,222.08,0.04,0.04,0.002,50.24,0.08
Station03,1286,2024-08-21 21:25:00,221.11,0.05,0.11,0.002,50.42,0.0
Station03,1287,2024-08-21 21:26:00,231.17,0.04,0.45,0.002,49.8,0.07
Station03,1288,2024-08-21 21:27:00,227.86,0.04,0.13,0.001,49.93,0.02
Station03,1289,2024-08-21 21:28:00,236.49,0.02,0.4,0.003,49.89,0.1
Station03,1290,2024-08-21 21:29:00,232.57,0.03,0.01,0.002,50.16,0.07
Station03,1291,2024-08-21 21:30:00,230.96,0.02,0.31,0.001,50.13,0.08
Station03,1292,2024-08-21 21:31:00,239.14,0.05,0.46,0.002,50.44,0.06
Station03,1293,2024-08-21 21:32:00,221.97,0.04,0.38,0.002,50.37,0.06
Station03,1294,2024-08-21 21:33:00,233.13,0.03,0.08,0.002,50.31,0.02
Station03,1295,2024-08-21 21:34:00,238.95,0.03,0.48,0.002,49.59,0.05
Station03,1296,2024-08-21 21:35:00,235.72,0.02,0.36,0.001,50.39,0.08
Station03,1297,2024-08-21 21:36:00,237.82,0.05,0.16,0.003,50.16,0.1
Station03,1298,2024-08-21 21:37:00,235.84,0.04,0.29,0.003,50.01,0.1
Station03,1299,2024-08-21 21:38:00,235.51,0.05,0.1,0.002,49.72,0.07
Station03,1300,2024-08-21 21:39:00,222.27,0.03,0.37,0.001,49.79,0.07
Station03,1301,2024-08-21 21:40:00,223.7,0.03,0.33,0.002,50.09,0.07
Station03,1302,2024-08-21 21:41:00,233.23,0.02,0.18,0.003,50.06,0.08
Station03,1303,2024-08-21 21:42:00,236.34,0.04,0.3,0.001,50.01,0.04
Station03,1304,2024-08-21 21:43:00,226.98,0.04,0.03,0.002,49.77,0.03
Station03,1305,2024-08-21 21:44:00,221.48,0.03,0.0,0.002,50.23,0.0
Station03,1306,2024-08-21 21:45:00,227.55,0.03,0.29,0.002,49.81,0.04
Station03,1307,2024-08-21 21:46:00,231.87,0.03,0.25,0.003,49.55,0.01
Station03,1308,2024-08-21 21:47:00,235.96,0.03,0.01,0.002,50.3,0.03
Station03,1309,2024-08-21 21:48:00,228.62,0.03,0.17,0.002,50.37,0.0
Station03,1310,2024-08-21 21:49:00,235.52,0.02,0.05,0.001,49.66,0.06
Station03,1311,2024-08-21 21:50:00,233.71,0.05,0.41,0.003,49.56,0.06
Station03,1312,2024-08-21 21:51:00,225.04,0.03,0.15,0.003,50.16,0.05
Station03,1313,2024-08-21 21:52:00,239.78,0.03,0.12,0.001,50.11,0.08
Station03,1314,2024-08-21 21:53:00,235.25,0.03,0.13,0.002,49.78,0.0
Station03,1315,2024-08-21 21:54:00,231.21,0.03,0.23,0.003,49.9,0.03
Station03,1316,2024-08-21 21:55:00,225.49,0.02,0.31,0.002,50.32,0.03
Station03,1317,2024-08-21 21:56:00,233.16,0.04,0.25,0.001,50.39,0.02
Station03,1318,2024-08-21 21:57:00,235.25,0.05,0.16,0.003,50.18,0.06
Station03,1319,2024-08-21 21:58:00,227.61,0.04,0.13,0.002,49.6,0.02
Station03,1320,2024-08-21 21:59:00,224.24,0.05,0.03,0.001,50.37,0.06
Station03,1321,2024-08-21 22:00:00,228.02,0.02,0.39,0.002,49.82,0.1
Station03,1322,2024-08-21 22:01:00,225.0,0.05,0.19,0.003,49.7,0.09
Station03,1323,2024-08-21 22:02:00,238.36,0.03,0.36,0.003,49.59,0.08
Station03,1324,2024-08-21 22:03:00,230.41,0.03,0.16,0.002,49.98,0.05
Station03,1325,2024-08-21 22:04:00,237.24,0.05,0.32,0.001,49.54,0.02
Station03,1326,2024-08-21 22:05:00,226.51,0.04,0.05,0.002,49.58,0.04
Station03,1327,2024-08-21 22:06:00,233.2,0.03,0.12,0.002,50.47,0.08
Station03,1328,2024-08-21 22:07:00,229.43,0.03,0.46,0.002,49.58,0.01
Station03,1329,2024-08-21 22:08:00,221.96,0.04,0.08,0.001,49.72,0.09
Station03,1330,2024-08-21 22:09:00,231.47,0.03,0.15,0.002,50.36,0.09
Station03,1331,2024-08-21 22:10:00,233.22,0.05,0.08,0.002,50.33,0.02
Station03,1332,2024-08-21 22:11:00,226.04,0.04,0.04,0.002,50.46,0.03
Station03,1333,2024-08-21 22:12:00,235.12,0.05,0.14,0.001,49.53,0.05
Station03,1334,2024-08-21 22:13:00,221.75,0.03,0.11,0.001,50.06,0.08
Station03,1335,2024-08-21 22:14:00,237.19,0.02,0.04,0.001,49.83,0.06
Station03,1336,2024-08-21 22:15:00,229.64,0.02,0.24,0.002,49.7,0.04
Station03,1337,2024-08-21 22:16:00,231.96,0.04,0.45,0.003,50.08,0.0
Station03,1338,2024-08-21 22:17:00,230.68,0.04,0.04,0.003,50.44,0.1
Station03,1339,2024-08-21 22:18:00,230.65,0.03,0.32,0.001,49.82,0.06
Station03,1340,2024-08-21 22:19:00,221.73,0.02,0.13,0.003,49.66,0.01
Station03,1341,2024-08-21 22:20:00,221.11,0.04,0.28,0.002,50.01,0.03
Station03,1342,2024-08-21 22:21:00,230.95,0.05,0.37,0.001,49.83,0.01
Station03,1343,2024-08-21 22:22:00,229.37,0.03,0.4,0.003,50.18,0.1
Station03,1344,2024-08-21 22:23:00,229.86,0.04,0.03,0.003,49.54,0.05
Station03,1345,2024-08-21 22:24:00,222.27,0.05,0.02,0.002,49.86,0.02
Station03,1346,2024-08-21 22:25:00,236.18,0.04,0.35,0.002,50.05,0.05
Station03,1347,2024-08-21 22:26:00,231.63,0.03,0.34,0.003,50.47,0.07
Station03,1348,2024-08-21 22:27:00,227.19,0.04,0.23,0.002,49.89,0.05
Station03,1349,2024-08-21 22:28:00,239.79,0.02,0.38,0.002,49.68,0.06
Station03,1350,2024-08-21 22:29:00,222.83,0.05,0.34,0.002,50.14,0.07
Station03,1351,2024-08-21 22:30:00,228.9,0.04,0.4,0.002,50.36,0.04
Station03,1352,2024-08-21 22:31:00,235.27,0.03,0.23,0.002,50.44,0.08
Station03,1353,2024-08-21 22:32:00,227.17,0.05,0.32,0.001,50.06,0.01
Station03,1354,2024-08-21 22:33:00,237.73,0.04,0.01,0.001,50.12,0.03
Station03,1355,2024-08-21 22:34:00,228.73,0.05,0.17,0.003,50.26,0.05
Station03,1356,2024-08-21 22:35:00,237.47,0.03,0.43,0.002,49.96,0.01
Station03,1357,2024-08-21 22:36:00,238.03,0.04,0.43,0.001,49.86,0.03
Station03,1358,2024-08-21 22:37:00,230.33,0.04,0.05,0.002,50.4,0.05
Station03,1359,2024-08-21 22:38:00,237.93,0.02,0.47,0.001,49.77,0.02
Station03,1360,2024-08-21 22:39:00,228.27,0.05,0.22,0.001,50.19,0.01
Station03,1361,2024-08-21 22:40:00,232.02,0.05,0.06,0.002,49.82,0.05
Station03,1362,2024-08-21 22:41:00,224.98,0.05,0.43,0.001,49.61,0.03
Station03,1363,2024-08-21 22:42:00,222.98,0.02,0.41,0.001,50.17,0.03
Station03,1364,2024-08-21 22:43:00,239.0,0.04,0.42,0.002,49.79,0.09
Station03,1365,2024-08-21 22:44:00,226.26,0.04,0.12,0.001,49.57,0.04
Station03,1366,2024-08-21 22:45:00,232.37,0.04,0.36,0.001,50.48,0.01
Station03,1367,2024-08-21 22:46:00,227.66,0.02,0.46,0.001,50.3,0.06
Station03,1368,2024-08-21 22:47:00,231.76,0.03,0.13,0.002,49.99,0.07
Station03,1369,2024-08-21 22:48:00,227.51,0.03,0.32,0.002,50.45,0.09
Station03,1370,2024-08-21 22:49:00,236.37,0.02,0.11,0.002,50.48,0.07
Station03,1371,2024-08-21 22:50:00,225.35,0.05,0.06,0.003,49.81,0.08
Station03,1372,2024-08-21 22:51:00,220.99,0.04,0.46,0.002,50.17,0.08
Station03,1373,2024-08-21 22:52:00,222.97,0.04,0.11,0.002,49.77,0.03
Station03,1374,2024-08-21 22:53:00,225.45,0.04,0.28,0.001,49.83,0.07
Station03,1375,2024-08-21 22:54:00,235.5,0.03,0.37,0.002,50.04,0.07
Station03,1376,2024-08-21 22:55:00,222.71,0.04,0.36,0.002,50.08,0.05
Station03,1377,2024-08-21 22:56:00,235.16,0.03,0.22,0.002,50.16,0.02
Station03,1378,2024-08-21 22:57:00,232.34,0.04,0.02,0.002,50.34,0.07
Station03,1379,2024-08-21 22:58:00,234.2,0.04,0.47,0.002,49.64,0.08
Station03,1380,2024-08-21 22:59:00,234.24,0.02,0.26,0.001,50.24,0.09
Station03,1381,2024-08-21 23:00:00,228.41,0.04,0.26,0.001,49.51,0.0
Station03,1382,2024-08-21 23:01:00,226.8,0.04,0.03,0.001,50.14,0.09
Station03,1383,2024-08-21 23:02:00,223.42,0.02,0.17,0.002,49.66,0.03
Station03,1384,2024-08-21 23:03:00,236.79,0.04,0.28,0.002,49.81,0.02
Station03,1385,2024-08-21 23:04:00,236.08,0.04,0.23,0.003,50.19,0.01
Station03,1386,2024-08-21 23:05:00,225.48,0.05,0.06,0.003,50.25,0.03
Station03,1387,2024-08-21 23:06:00,226.9,0.04,0.42,0.002,49.55,0.09
Station03,1388,2024-08-21 23:07:00,239.51,0.04,0.11,0.003,49.56,0.07
Station03,1389,2024-08-21 23:08:00,230.74,0.05,0.39,0.003,50.45,0.01
Station03,1390,2024-08-21 23:09:00,237.9,0.05,0.14,0.001,50.35,0.09
Station03,1391,2024-08-21 23:10:00,223.06,0.03,0.34,0.002,49.87,0.05
Station03,1392,2024-08-21 23:11:00,227.2,0.04,0.26,0.002,50.32,0.03
Station03,1393,2024-08-21 23:12:00,229.5,0.04,0.0,0.001,49.91,0.08
Station03,1394,2024-08-21 23:13:00,222.98,0.02,0.12,0.001,49.79,0.04
Station03,1395,2024-08-21 23:14:00,232.93,0.04,0.03,0.001,49.59,0.01
Station03,1396,2024-08-21 23:15:00,220.92,0.03,0.03,0.003,50.12,0.04
Station03,1397,2024-08-21 23:16:00,231.03,0.05,0.33,0.003,50.18,0.07
Station03,1398,2024-08-21 23:17:00,234.66,0.03,0.28,0.003,50.41,0.03
Station03,1399,2024-08-21 23:18:00,222.78,0.03,0.42,0.002,50.01,0.05
Station03,1400,2024-08-21 23:19:00,239.75,0.02,0.12,0.003,50.5,0.1
Station03,1401,2024-08-21 23:20:00,225.89,0.03,0.28,0.003,50.05,0.09
Station03,1402,2024-08-21 23:21:00,228.07,0.04,0.24,0.002,49.51,0.03
Station03,1403,2024-08-21 23:22:00,222.06,0.04,0.3,0.002,50.38,0.01
Station03,1404,2024-08-21 23:23:00,231.56,0.05,0.43,0.003,49.87,0.05
Station03,1405,2024-08-21 23:24:00,238.22,0.04,0.02,0.002,49.74,0.08
Station03,1406,2024-08-21 23:25:00,224.62,0.03,0.11,0.001,49.92,0.06
Station03,1407,2024-08-21 23:26:00,220.11,0.04,0.17,0.003,50.34,0.05
Station03,1408,2024-08-21 23:27:00,237.92,0.05,0.25,0.003,50.31,0.07
Station03,1409,2024-08-21 23:28:00,222.01,0.05,0.24,0.001,49.98,0.08
Station03,1410,2024-08-21 23:29:00,222.96,0.05,0.07,0.002,50.16,0.1
Station03,1411,2024-08-21 23:30:00,234.94,0.05,0.0,0.002,50.31,0.09
Station03,1412,2024-08-21 23:31:00,233.66,0.05,0.49,0.002,49.81,0.09
Station03,1413,2024-08-21 23:32:00,222.72,0.05,0.43,0.003,50.25,0.07
Station03,1414,2024-08-21 23:33:00,220.54,0.04,0.06,0.002,50.11,0.07
Station03,1415,2024-08-21 23:34:00,226.06,0.05,0.05,0.001,49.55,0.01
Station03,1416,2024-08-21 23:35:00,239.29,0.02,0.34,0.002,49.7,0.0
Station03,1417,2024-08-21 23:36:00,227.05,0.03,0.28,0.003,50.31,0.06
Station03,1418,2024-08-21 23:37:00,237.53,0.03,0.01,0.002,50.34,0.07
Station03,1419,2024-08-21 23:38:00,237.15,0.04,0.29,0.003,50.15,0.09
Station03,1420,2024-08-21 23:39:00,231.65,0.05,0.33,0.003,50.21,0.09
Station03,1421,2024-08-21 23:40:00,226.11,0.04,0.21,0.003,49.66,0.02
Station03,1422,2024-08-21 23:41:00,235.41,0.04,0.31,0.002,49.55,0.01
Station03,1423,2024-08-21 23:42:00,229.55,0.04,0.25,0.003,50.31,0.1
Station03,1424,2024-08-21 23:43:00,235.02,0.03,0.03,0.002,49.67,0.01
Station03,1425,2024-08-21 23:44:00,228.85,0.03,0.41,0.001,49.61,0.07
Station03,1426,2024-08-21 23:45:00,224.86,0.04,0.08,0.003,50.41,0.09
Station03,1427,2024-08-21 23:46:00,232.63,0.05,0.47,0.002,50.46,0.01
Station03,1428,2024-08-21 23:47:00,230.23,0.03,0.06,0.002,49.63,0.06
Station03,1429,2024-08-21 23:48:00,239.1,0.04,0.19,0.002,50.26,0.09
Station03,1430,2024-08-21 23:49:00,239.89,0.03,0.41,0.001,49.76,0.04
Station03,1431,2024-08-21 23:50:00,238.93,0.05,0.09,0.002,50.22,0.03
Station03,1432,2024-08-21 23:51:00,238.81,0.03,0.05,0.002,49.92,0.04
Station03,1433,2024-08-21 23:52:00,224.57,0.04,0.12,0.003,49.8,0.02
Station03,1434,2024-08-21 23:53:00,239.09,0.02,0.28,0.002,49.84,0.04
Station03,1435,2024-08-21 23:54:00,222.49,0.04,0.32,0.003,50.35,0.02
Station03,1436,2024-08-21 23:55:00,238.46,0.02,0.0,0.003,50.45,0.06
Station03,1437,2024-08-21 23:56:00,224.88,0.03,0.43,0.002,50.17,0.06
Station03,1438,2024-08-21 23:57:00,226.47,0.02,0.17,0.002,49.88,0.0
Station03,1439,2024-08-21 23:58:00,237.41,0.03,0.35,0.003,49.53,0.02
Station03,1440,2024-08-21 23:59:00,222.02,0.03,0.32,0.003,50.11,0.02
